model,pred_len,data_id,learning_rate,batch_size,patience,individual,train_epochs,lradj,mse,mae,exp_dir
Autoformer,96,ECL,0.0005,32,3,0,10,type1,0.1885109543800354,0.3037818670272827,/mnt/tidalfs-bdsz01/usr/panlicheng/workspace/ProjDF-OT/results_OT/baselines/Autoformer_ECL_96_1.0_0.0_0.0005_type1_10_3_32
Autoformer,192,ECL,0.0005,32,3,0,10,type1,0.27089378237724304,0.3705076277256012,/mnt/tidalfs-bdsz01/usr/panlicheng/workspace/ProjDF-OT/results_OT/baselines/Autoformer_ECL_192_1.0_0.0_0.0005_type1_10_3_32
Autoformer,336,ECL,0.0005,32,3,0,10,type1,0.24276207387447357,0.3522816300392151,/mnt/tidalfs-bdsz01/usr/panlicheng/workspace/ProjDF-OT/results_OT/baselines/Autoformer_ECL_336_1.0_0.0_0.0005_type1_10_3_32
Autoformer,720,ECL,0.0005,32,3,0,10,type1,0.2947840392589569,0.38835379481315613,/mnt/tidalfs-bdsz01/usr/panlicheng/workspace/ProjDF-OT/results_OT/baselines/Autoformer_ECL_720_1.0_0.0_0.0005_type1_10_3_32
Autoformer,96,ETTh1,0.0005,32,3,0,10,type1,0.44874802231788635,0.4649847447872162,/mnt/tidalfs-bdsz01/usr/panlicheng/workspace/ProjDF-OT/results_OT/baselines/Autoformer_ETTh1_96_1.0_0.0_0.0005_type1_10_3_32
Autoformer,192,ETTh1,0.0005,32,3,0,10,type1,0.4586491584777832,0.46855679154396057,/mnt/tidalfs-bdsz01/usr/panlicheng/workspace/ProjDF-OT/results_OT/baselines/Autoformer_ETTh1_192_1.0_0.0_0.0005_type1_10_3_32
Autoformer,336,ETTh1,0.0005,32,3,0,10,type1,0.510600209236145,0.5003090500831604,/mnt/tidalfs-bdsz01/usr/panlicheng/workspace/ProjDF-OT/results_OT/baselines/Autoformer_ETTh1_336_1.0_0.0_0.0005_type1_10_3_32
Autoformer,720,ETTh1,0.0005,32,3,0,10,type1,0.4881030321121216,0.49754413962364197,/mnt/tidalfs-bdsz01/usr/panlicheng/workspace/ProjDF-OT/results_OT/baselines/Autoformer_ETTh1_720_1.0_0.0_0.0005_type1_10_3_32
Autoformer,96,ETTh2,0.0005,32,3,0,10,type1,0.35538628697395325,0.3969402313232422,/mnt/tidalfs-bdsz01/usr/panlicheng/workspace/ProjDF-OT/results_OT/baselines/Autoformer_ETTh2_96_1.0_0.0_0.0005_type1_10_3_32
Autoformer,192,ETTh2,0.0005,32,3,0,10,type1,0.4784029722213745,0.4708784818649292,/mnt/tidalfs-bdsz01/usr/panlicheng/workspace/ProjDF-OT/results_OT/baselines/Autoformer_ETTh2_192_1.0_0.0_0.0005_type1_10_3_32
Autoformer,336,ETTh2,0.0005,32,3,0,10,type1,0.45866721868515015,0.46948757767677307,/mnt/tidalfs-bdsz01/usr/panlicheng/workspace/ProjDF-OT/results_OT/baselines/Autoformer_ETTh2_336_1.0_0.0_0.0005_type1_10_3_32
Autoformer,720,ETTh2,0.0005,32,3,0,10,type1,0.4993676543235779,0.5015770196914673,/mnt/tidalfs-bdsz01/usr/panlicheng/workspace/ProjDF-OT/results_OT/baselines/Autoformer_ETTh2_720_1.0_0.0_0.0005_type1_10_3_32
Autoformer,96,ETTm1,0.0005,32,3,0,10,type1,0.4853496551513672,0.4684425890445709,/mnt/tidalfs-bdsz01/usr/panlicheng/workspace/ProjDF-OT/results_OT/baselines/Autoformer_ETTm1_96_1.0_0.0_0.0005_type1_10_3_32
Autoformer,192,ETTm1,0.0005,32,3,0,10,type1,0.5043943524360657,0.48198238015174866,/mnt/tidalfs-bdsz01/usr/panlicheng/workspace/ProjDF-OT/results_OT/baselines/Autoformer_ETTm1_192_1.0_0.0_0.0005_type1_10_3_32
Autoformer,336,ETTm1,0.0005,32,3,0,10,type1,0.5195745229721069,0.48940378427505493,/mnt/tidalfs-bdsz01/usr/panlicheng/workspace/ProjDF-OT/results_OT/baselines/Autoformer_ETTm1_336_1.0_0.0_0.0005_type1_10_3_32
Autoformer,720,ETTm1,0.0005,32,3,0,10,type1,0.5941244959831238,0.5234006643295288,/mnt/tidalfs-bdsz01/usr/panlicheng/workspace/ProjDF-OT/results_OT/baselines/Autoformer_ETTm1_720_1.0_0.0_0.0005_type1_10_3_32
Autoformer,96,ETTm2,0.0005,32,3,0,10,type1,0.21767425537109375,0.30001023411750793,/mnt/tidalfs-bdsz01/usr/panlicheng/workspace/ProjDF-OT/results_OT/baselines/Autoformer_ETTm2_96_1.0_0.0_0.0005_type1_10_3_32
Autoformer,192,ETTm2,0.0005,32,3,0,10,type1,0.28195714950561523,0.3404097259044647,/mnt/tidalfs-bdsz01/usr/panlicheng/workspace/ProjDF-OT/results_OT/baselines/Autoformer_ETTm2_192_1.0_0.0_0.0005_type1_10_3_32
Autoformer,336,ETTm2,0.0005,32,3,0,10,type1,0.33549925684928894,0.3703792989253998,/mnt/tidalfs-bdsz01/usr/panlicheng/workspace/ProjDF-OT/results_OT/baselines/Autoformer_ETTm2_336_1.0_0.0_0.0005_type1_10_3_32
Autoformer,720,ETTm2,0.0005,32,3,0,10,type1,0.42295053601264954,0.419941246509552,/mnt/tidalfs-bdsz01/usr/panlicheng/workspace/ProjDF-OT/results_OT/baselines/Autoformer_ETTm2_720_1.0_0.0_0.0005_type1_10_3_32
Autoformer,12,PEMS03,0.0005,32,3,0,10,type1,0.23277483880519867,0.3655664026737213,/mnt/tidalfs-bdsz01/usr/panlicheng/workspace/ProjDF-OT/results_OT/baselines/Autoformer_PEMS03_12_1.0_0.0_0.0005_type1_10_3_32
Autoformer,24,PEMS03,0.0005,32,3,0,10,type1,0.40524858236312866,0.4849313497543335,/mnt/tidalfs-bdsz01/usr/panlicheng/workspace/ProjDF-OT/results_OT/baselines/Autoformer_PEMS03_24_1.0_0.0_0.0005_type1_10_3_32
Autoformer,36,PEMS03,0.0005,32,3,0,10,type1,0.32715079188346863,0.41490885615348816,/mnt/tidalfs-bdsz01/usr/panlicheng/workspace/ProjDF-OT/results_OT/baselines/Autoformer_PEMS03_36_1.0_0.0_0.0005_type1_10_3_32
Autoformer,48,PEMS03,0.0005,32,3,0,10,type1,0.6794482469558716,0.634450376033783,/mnt/tidalfs-bdsz01/usr/panlicheng/workspace/ProjDF-OT/results_OT/baselines/Autoformer_PEMS03_48_1.0_0.0_0.0005_type1_10_3_32
Autoformer,12,PEMS08,0.0005,32,3,0,10,type1,0.2317313551902771,0.33412280678749084,/mnt/tidalfs-bdsz01/usr/panlicheng/workspace/ProjDF-OT/results_OT/baselines/Autoformer_PEMS08_12_1.0_0.0_0.0005_type1_10_3_32
Autoformer,24,PEMS08,0.0005,32,3,0,10,type1,0.5446258783340454,0.5503721833229065,/mnt/tidalfs-bdsz01/usr/panlicheng/workspace/ProjDF-OT/results_OT/baselines/Autoformer_PEMS08_24_1.0_0.0_0.0005_type1_10_3_32
Autoformer,36,PEMS08,0.0005,32,3,0,10,type1,0.3786486089229584,0.43633705377578735,/mnt/tidalfs-bdsz01/usr/panlicheng/workspace/ProjDF-OT/results_OT/baselines/Autoformer_PEMS08_36_1.0_0.0_0.0005_type1_10_3_32
Autoformer,48,PEMS08,0.0005,32,3,0,10,type1,0.5311478972434998,0.5015031695365906,/mnt/tidalfs-bdsz01/usr/panlicheng/workspace/ProjDF-OT/results_OT/baselines/Autoformer_PEMS08_48_1.0_0.0_0.0005_type1_10_3_32
Autoformer,96,Traffic,0.0005,4,3,0,10,type1,0.574562668800354,0.3564915359020233,/mnt/tidalfs-bdsz01/usr/panlicheng/workspace/ProjDF-OT/results_OT/baselines/Autoformer_Traffic_96_1.0_0.0_0.0005_type1_10_3_4
Autoformer,192,Traffic,0.0005,4,3,0,10,type1,0.6470528841018677,0.39413982629776,/mnt/tidalfs-bdsz01/usr/panlicheng/workspace/ProjDF-OT/results_OT/baselines/Autoformer_Traffic_192_1.0_0.0_0.0005_type1_10_3_4
Autoformer,336,Traffic,0.0005,4,3,0,10,type1,0.6938749551773071,0.44591182470321655,/mnt/tidalfs-bdsz01/usr/panlicheng/workspace/ProjDF-OT/results_OT/baselines/Autoformer_Traffic_336_1.0_0.0_0.0005_type1_10_3_4
Autoformer,720,Traffic,0.0005,4,3,0,10,type1,0.731273353099823,0.46783342957496643,/mnt/tidalfs-bdsz01/usr/panlicheng/workspace/ProjDF-OT/results_OT/baselines/Autoformer_Traffic_720_1.0_0.0_0.0005_type1_10_3_4
Autoformer,96,Weather,0.0005,32,3,0,10,type1,0.23260454833507538,0.3057343065738678,/mnt/tidalfs-bdsz01/usr/panlicheng/workspace/ProjDF-OT/results_OT/baselines/Autoformer_Weather_96_1.0_0.0_0.0005_type1_10_3_32
Autoformer,192,Weather,0.0005,32,3,0,10,type1,0.2855120897293091,0.34716951847076416,/mnt/tidalfs-bdsz01/usr/panlicheng/workspace/ProjDF-OT/results_OT/baselines/Autoformer_Weather_192_1.0_0.0_0.0005_type1_10_3_32
Autoformer,336,Weather,0.0005,32,3,0,10,type1,0.3460947871208191,0.3851419687271118,/mnt/tidalfs-bdsz01/usr/panlicheng/workspace/ProjDF-OT/results_OT/baselines/Autoformer_Weather_336_1.0_0.0_0.0005_type1_10_3_32
Autoformer,720,Weather,0.0005,32,3,0,10,type1,0.4117349684238434,0.420226126909256,/mnt/tidalfs-bdsz01/usr/panlicheng/workspace/ProjDF-OT/results_OT/baselines/Autoformer_Weather_720_1.0_0.0_0.0005_type1_10_3_32
CycleNet,96,ECL,0.0005,16,5,0,30,type1,0.1478414386510849,0.24321892857551575,/mnt/tidalfs-bdsz01/usr/panlicheng/workspace/ProjDF-OT/results_OT/baselines/CycleNet_ECL_96_1.0_0.0_0.0005_type1_30_5_16
CycleNet,192,ECL,0.0005,16,5,0,30,type1,0.1611245572566986,0.25441691279411316,/mnt/tidalfs-bdsz01/usr/panlicheng/workspace/ProjDF-OT/results_OT/baselines/CycleNet_ECL_192_1.0_0.0_0.0005_type1_30_5_16
CycleNet,336,ECL,0.0005,16,5,0,30,type1,0.178323432803154,0.27162182331085205,/mnt/tidalfs-bdsz01/usr/panlicheng/workspace/ProjDF-OT/results_OT/baselines/CycleNet_ECL_336_1.0_0.0_0.0005_type1_30_5_16
CycleNet,720,ECL,0.0005,16,5,0,30,type1,0.21766525506973267,0.3036237359046936,/mnt/tidalfs-bdsz01/usr/panlicheng/workspace/ProjDF-OT/results_OT/baselines/CycleNet_ECL_720_1.0_0.0_0.0005_type1_30_5_16
CycleNet,96,ETTh1,0.0005,32,5,0,30,type1,0.3956235647201538,0.40370482206344604,/mnt/tidalfs-bdsz01/usr/panlicheng/workspace/ProjDF-OT/results_OT/baselines/CycleNet_ETTh1_96_1.0_0.0_0.0005_type1_30_5_32
CycleNet,192,ETTh1,0.0005,32,5,0,30,type1,0.4450257122516632,0.43135279417037964,/mnt/tidalfs-bdsz01/usr/panlicheng/workspace/ProjDF-OT/results_OT/baselines/CycleNet_ETTh1_192_1.0_0.0_0.0005_type1_30_5_32
CycleNet,336,ETTh1,0.0005,32,5,0,30,type1,0.4867763817310333,0.45233091711997986,/mnt/tidalfs-bdsz01/usr/panlicheng/workspace/ProjDF-OT/results_OT/baselines/CycleNet_ETTh1_336_1.0_0.0_0.0005_type1_30_5_32
CycleNet,720,ETTh1,0.0005,32,5,0,30,type1,0.4867434799671173,0.47490739822387695,/mnt/tidalfs-bdsz01/usr/panlicheng/workspace/ProjDF-OT/results_OT/baselines/CycleNet_ETTh1_720_1.0_0.0_0.0005_type1_30_5_32
CycleNet,96,ETTh2,0.0005,32,5,0,30,type1,0.2986270785331726,0.3473372161388397,/mnt/tidalfs-bdsz01/usr/panlicheng/workspace/ProjDF-OT/results_OT/baselines/CycleNet_ETTh2_96_1.0_0.0_0.0005_type1_30_5_32
CycleNet,192,ETTh2,0.0005,32,5,0,30,type1,0.38467904925346375,0.39978450536727905,/mnt/tidalfs-bdsz01/usr/panlicheng/workspace/ProjDF-OT/results_OT/baselines/CycleNet_ETTh2_192_1.0_0.0_0.0005_type1_30_5_32
CycleNet,336,ETTh2,0.0005,32,5,0,30,type1,0.42600154876708984,0.43554964661598206,/mnt/tidalfs-bdsz01/usr/panlicheng/workspace/ProjDF-OT/results_OT/baselines/CycleNet_ETTh2_336_1.0_0.0_0.0005_type1_30_5_32
CycleNet,720,ETTh2,0.0005,32,5,0,30,type1,0.4376113712787628,0.4504547715187073,/mnt/tidalfs-bdsz01/usr/panlicheng/workspace/ProjDF-OT/results_OT/baselines/CycleNet_ETTh2_720_1.0_0.0_0.0005_type1_30_5_32
CycleNet,96,ETTm1,0.0005,32,5,0,30,type1,0.34163931012153625,0.3675400912761688,/mnt/tidalfs-bdsz01/usr/panlicheng/workspace/ProjDF-OT/results_OT/baselines/CycleNet_ETTm1_96_1.0_0.0_0.0005_type1_30_5_32
CycleNet,192,ETTm1,0.0005,32,5,0,30,type1,0.37892064452171326,0.3848487138748169,/mnt/tidalfs-bdsz01/usr/panlicheng/workspace/ProjDF-OT/results_OT/baselines/CycleNet_ETTm1_192_1.0_0.0_0.0005_type1_30_5_32
CycleNet,336,ETTm1,0.0005,32,5,0,30,type1,0.4089929163455963,0.40451034903526306,/mnt/tidalfs-bdsz01/usr/panlicheng/workspace/ProjDF-OT/results_OT/baselines/CycleNet_ETTm1_336_1.0_0.0_0.0005_type1_30_5_32
CycleNet,720,ETTm1,0.0005,32,5,0,30,type1,0.46576637029647827,0.43628010153770447,/mnt/tidalfs-bdsz01/usr/panlicheng/workspace/ProjDF-OT/results_OT/baselines/CycleNet_ETTm1_720_1.0_0.0_0.0005_type1_30_5_32
CycleNet,96,ETTm2,0.0005,32,5,0,30,type1,0.17188246548175812,0.25515300035476685,/mnt/tidalfs-bdsz01/usr/panlicheng/workspace/ProjDF-OT/results_OT/baselines/CycleNet_ETTm2_96_1.0_0.0_0.0005_type1_30_5_32
CycleNet,192,ETTm2,0.0005,32,5,0,30,type1,0.23804637789726257,0.29755645990371704,/mnt/tidalfs-bdsz01/usr/panlicheng/workspace/ProjDF-OT/results_OT/baselines/CycleNet_ETTm2_192_1.0_0.0_0.0005_type1_30_5_32
CycleNet,336,ETTm2,0.0005,32,5,0,30,type1,0.3004339635372162,0.33791810274124146,/mnt/tidalfs-bdsz01/usr/panlicheng/workspace/ProjDF-OT/results_OT/baselines/CycleNet_ETTm2_336_1.0_0.0_0.0005_type1_30_5_32
CycleNet,720,ETTm2,0.0005,32,5,0,30,type1,0.4008205235004425,0.39502376317977905,/mnt/tidalfs-bdsz01/usr/panlicheng/workspace/ProjDF-OT/results_OT/baselines/CycleNet_ETTm2_720_1.0_0.0_0.0005_type1_30_5_32
CycleNet,12,PEMS03,0.0005,32,5,0,30,type1,0.07405654340982437,0.18451403081417084,/mnt/tidalfs-bdsz01/usr/panlicheng/workspace/ProjDF-OT/results_OT/baselines/CycleNet_PEMS03_12_1.0_0.0_0.0005_type1_30_5_32
CycleNet,24,PEMS03,0.0005,32,5,0,30,type1,0.10750093311071396,0.2235538810491562,/mnt/tidalfs-bdsz01/usr/panlicheng/workspace/ProjDF-OT/results_OT/baselines/CycleNet_PEMS03_24_1.0_0.0_0.0005_type1_30_5_32
CycleNet,36,PEMS03,0.0005,32,5,0,30,type1,0.13982422649860382,0.2559410631656647,/mnt/tidalfs-bdsz01/usr/panlicheng/workspace/ProjDF-OT/results_OT/baselines/CycleNet_PEMS03_36_1.0_0.0_0.0005_type1_30_5_32
CycleNet,48,PEMS03,0.0005,32,5,0,30,type1,0.1678934246301651,0.28174638748168945,/mnt/tidalfs-bdsz01/usr/panlicheng/workspace/ProjDF-OT/results_OT/baselines/CycleNet_PEMS03_48_1.0_0.0_0.0005_type1_30_5_32
CycleNet,12,PEMS08,0.0005,32,5,0,30,type1,0.08675556629896164,0.19354446232318878,/mnt/tidalfs-bdsz01/usr/panlicheng/workspace/ProjDF-OT/results_OT/baselines/CycleNet_PEMS08_12_1.0_0.0_0.0005_type1_30_5_32
CycleNet,24,PEMS08,0.0005,32,5,0,30,type1,0.12759537994861603,0.2384204864501953,/mnt/tidalfs-bdsz01/usr/panlicheng/workspace/ProjDF-OT/results_OT/baselines/CycleNet_PEMS08_24_1.0_0.0_0.0005_type1_30_5_32
CycleNet,36,PEMS08,0.0005,32,5,0,30,type1,0.16862298548221588,0.2765849828720093,/mnt/tidalfs-bdsz01/usr/panlicheng/workspace/ProjDF-OT/results_OT/baselines/CycleNet_PEMS08_36_1.0_0.0_0.0005_type1_30_5_32
CycleNet,48,PEMS08,0.0005,32,5,0,30,type1,0.20624791085720062,0.30855706334114075,/mnt/tidalfs-bdsz01/usr/panlicheng/workspace/ProjDF-OT/results_OT/baselines/CycleNet_PEMS08_48_1.0_0.0_0.0005_type1_30_5_32
CycleNet,96,Traffic,0.0005,8,5,0,30,type1,0.4928542971611023,0.32544252276420593,/mnt/tidalfs-bdsz01/usr/panlicheng/workspace/ProjDF-OT/results_OT/baselines/CycleNet_Traffic_96_1.0_0.0_0.0005_type1_30_5_8
CycleNet,192,Traffic,0.0005,8,5,0,30,type1,0.4924945831298828,0.31956711411476135,/mnt/tidalfs-bdsz01/usr/panlicheng/workspace/ProjDF-OT/results_OT/baselines/CycleNet_Traffic_192_1.0_0.0_0.0005_type1_30_5_8
CycleNet,336,Traffic,0.0005,8,5,0,30,type1,0.4952191710472107,0.314523309469223,/mnt/tidalfs-bdsz01/usr/panlicheng/workspace/ProjDF-OT/results_OT/baselines/CycleNet_Traffic_336_1.0_0.0_0.0005_type1_30_5_8
CycleNet,720,Traffic,0.0005,8,5,0,30,type1,0.522695779800415,0.33009618520736694,/mnt/tidalfs-bdsz01/usr/panlicheng/workspace/ProjDF-OT/results_OT/baselines/CycleNet_Traffic_720_1.0_0.0_0.0005_type1_30_5_8
CycleNet,96,Weather,0.0005,32,5,0,30,type1,0.17988520860671997,0.2225448042154312,/mnt/tidalfs-bdsz01/usr/panlicheng/workspace/ProjDF-OT/results_OT/baselines/CycleNet_Weather_96_1.0_0.0_0.0005_type1_30_5_32
CycleNet,192,Weather,0.0005,32,5,0,30,type1,0.23076583445072174,0.26351198554039,/mnt/tidalfs-bdsz01/usr/panlicheng/workspace/ProjDF-OT/results_OT/baselines/CycleNet_Weather_192_1.0_0.0_0.0005_type1_30_5_32
CycleNet,336,Weather,0.0005,32,5,0,30,type1,0.28167903423309326,0.29953131079673767,/mnt/tidalfs-bdsz01/usr/panlicheng/workspace/ProjDF-OT/results_OT/baselines/CycleNet_Weather_336_1.0_0.0_0.0005_type1_30_5_32
CycleNet,720,Weather,0.0005,32,5,0,30,type1,0.35360288619995117,0.34626418352127075,/mnt/tidalfs-bdsz01/usr/panlicheng/workspace/ProjDF-OT/results_OT/baselines/CycleNet_Weather_720_1.0_0.0_0.0005_type1_30_5_32
DLinear,96,ECL,0.0005,32,3,0,10,type1,0.19702474772930145,0.2823767364025116,/mnt/tidalfs-bdsz01/usr/panlicheng/workspace/ProjDF-OT/results_OT/baselines/DLinear_ECL_96_1.0_0.0_0.0005_type1_10_3_32
DLinear,192,ECL,0.0005,32,3,0,10,type1,0.1965537816286087,0.2855641543865204,/mnt/tidalfs-bdsz01/usr/panlicheng/workspace/ProjDF-OT/results_OT/baselines/DLinear_ECL_192_1.0_0.0_0.0005_type1_10_3_32
DLinear,336,ECL,0.0005,32,3,0,10,type1,0.20946459472179413,0.30093708634376526,/mnt/tidalfs-bdsz01/usr/panlicheng/workspace/ProjDF-OT/results_OT/baselines/DLinear_ECL_336_1.0_0.0_0.0005_type1_10_3_32
DLinear,720,ECL,0.0005,32,3,0,10,type1,0.24484862387180328,0.33350154757499695,/mnt/tidalfs-bdsz01/usr/panlicheng/workspace/ProjDF-OT/results_OT/baselines/DLinear_ECL_720_1.0_0.0_0.0005_type1_10_3_32
DLinear,96,ETTh1,0.0005,32,3,0,10,type1,0.3889424204826355,0.4036716818809509,/mnt/tidalfs-bdsz01/usr/panlicheng/workspace/ProjDF-OT/results_OT/baselines/DLinear_ETTh1_96_1.0_0.0_0.0005_type1_10_3_32
DLinear,192,ETTh1,0.0005,32,3,0,10,type1,0.44221821427345276,0.4398763179779053,/mnt/tidalfs-bdsz01/usr/panlicheng/workspace/ProjDF-OT/results_OT/baselines/DLinear_ETTh1_192_1.0_0.0_0.0005_type1_10_3_32
DLinear,336,ETTh1,0.0005,32,3,0,10,type1,0.4884740114212036,0.46659550070762634,/mnt/tidalfs-bdsz01/usr/panlicheng/workspace/ProjDF-OT/results_OT/baselines/DLinear_ETTh1_336_1.0_0.0_0.0005_type1_10_3_32
DLinear,720,ETTh1,0.0005,32,3,0,10,type1,0.5050578117370605,0.5024269819259644,/mnt/tidalfs-bdsz01/usr/panlicheng/workspace/ProjDF-OT/results_OT/baselines/DLinear_ETTh1_720_1.0_0.0_0.0005_type1_10_3_32
DLinear,96,ETTh2,0.0005,32,3,0,10,type1,0.33002421259880066,0.3825846314430237,/mnt/tidalfs-bdsz01/usr/panlicheng/workspace/ProjDF-OT/results_OT/baselines/DLinear_ETTh2_96_1.0_0.0_0.0005_type1_10_3_32
DLinear,192,ETTh2,0.0005,32,3,0,10,type1,0.439167320728302,0.4495277404785156,/mnt/tidalfs-bdsz01/usr/panlicheng/workspace/ProjDF-OT/results_OT/baselines/DLinear_ETTh2_192_1.0_0.0_0.0005_type1_10_3_32
DLinear,336,ETTh2,0.0005,32,3,0,10,type1,0.5893800258636475,0.5375152230262756,/mnt/tidalfs-bdsz01/usr/panlicheng/workspace/ProjDF-OT/results_OT/baselines/DLinear_ETTh2_336_1.0_0.0_0.0005_type1_10_3_32
DLinear,720,ETTh2,0.0005,32,3,0,10,type1,0.7571782469749451,0.6262186765670776,/mnt/tidalfs-bdsz01/usr/panlicheng/workspace/ProjDF-OT/results_OT/baselines/DLinear_ETTh2_720_1.0_0.0_0.0005_type1_10_3_32
DLinear,96,ETTm1,0.0005,32,3,0,10,type1,0.3458496630191803,0.37335026264190674,/mnt/tidalfs-bdsz01/usr/panlicheng/workspace/ProjDF-OT/results_OT/baselines/DLinear_ETTm1_96_1.0_0.0_0.0005_type1_10_3_32
DLinear,192,ETTm1,0.0005,32,3,0,10,type1,0.3803097605705261,0.38993409276008606,/mnt/tidalfs-bdsz01/usr/panlicheng/workspace/ProjDF-OT/results_OT/baselines/DLinear_ETTm1_192_1.0_0.0_0.0005_type1_10_3_32
DLinear,336,ETTm1,0.0005,32,3,0,10,type1,0.41324299573898315,0.4139361083507538,/mnt/tidalfs-bdsz01/usr/panlicheng/workspace/ProjDF-OT/results_OT/baselines/DLinear_ETTm1_336_1.0_0.0_0.0005_type1_10_3_32
DLinear,720,ETTm1,0.0005,32,3,0,10,type1,0.4717453122138977,0.44986268877983093,/mnt/tidalfs-bdsz01/usr/panlicheng/workspace/ProjDF-OT/results_OT/baselines/DLinear_ETTm1_720_1.0_0.0_0.0005_type1_10_3_32
DLinear,96,ETTm2,0.0005,32,3,0,10,type1,0.1878827065229416,0.28294479846954346,/mnt/tidalfs-bdsz01/usr/panlicheng/workspace/ProjDF-OT/results_OT/baselines/DLinear_ETTm2_96_1.0_0.0_0.0005_type1_10_3_32
DLinear,192,ETTm2,0.0005,32,3,0,10,type1,0.27969470620155334,0.3557722568511963,/mnt/tidalfs-bdsz01/usr/panlicheng/workspace/ProjDF-OT/results_OT/baselines/DLinear_ETTm2_192_1.0_0.0_0.0005_type1_10_3_32
DLinear,336,ETTm2,0.0005,32,3,0,10,type1,0.3753751218318939,0.4202502965927124,/mnt/tidalfs-bdsz01/usr/panlicheng/workspace/ProjDF-OT/results_OT/baselines/DLinear_ETTm2_336_1.0_0.0_0.0005_type1_10_3_32
DLinear,720,ETTm2,0.0005,32,3,0,10,type1,0.525771975517273,0.5081155300140381,/mnt/tidalfs-bdsz01/usr/panlicheng/workspace/ProjDF-OT/results_OT/baselines/DLinear_ETTm2_720_1.0_0.0_0.0005_type1_10_3_32
DLinear,12,PEMS03,0.0005,32,3,0,10,type1,0.10502497851848602,0.22041785717010498,/mnt/tidalfs-bdsz01/usr/panlicheng/workspace/ProjDF-OT/results_OT/baselines/DLinear_PEMS03_12_1.0_0.0_0.0005_type1_10_3_32
DLinear,24,PEMS03,0.0005,32,3,0,10,type1,0.1828930675983429,0.29687005281448364,/mnt/tidalfs-bdsz01/usr/panlicheng/workspace/ProjDF-OT/results_OT/baselines/DLinear_PEMS03_24_1.0_0.0_0.0005_type1_10_3_32
DLinear,36,PEMS03,0.0005,32,3,0,10,type1,0.2576790452003479,0.3613201081752777,/mnt/tidalfs-bdsz01/usr/panlicheng/workspace/ProjDF-OT/results_OT/baselines/DLinear_PEMS03_36_1.0_0.0_0.0005_type1_10_3_32
DLinear,48,PEMS03,0.0005,32,3,0,10,type1,0.31870585680007935,0.410236656665802,/mnt/tidalfs-bdsz01/usr/panlicheng/workspace/ProjDF-OT/results_OT/baselines/DLinear_PEMS03_48_1.0_0.0_0.0005_type1_10_3_32
DLinear,12,PEMS08,0.0005,32,3,0,10,type1,0.11296194046735764,0.22522109746932983,/mnt/tidalfs-bdsz01/usr/panlicheng/workspace/ProjDF-OT/results_OT/baselines/DLinear_PEMS08_12_1.0_0.0_0.0005_type1_10_3_32
DLinear,24,PEMS08,0.0005,32,3,0,10,type1,0.1986701488494873,0.30211690068244934,/mnt/tidalfs-bdsz01/usr/panlicheng/workspace/ProjDF-OT/results_OT/baselines/DLinear_PEMS08_24_1.0_0.0_0.0005_type1_10_3_32
DLinear,36,PEMS08,0.0005,32,3,0,10,type1,0.2945089340209961,0.3706391751766205,/mnt/tidalfs-bdsz01/usr/panlicheng/workspace/ProjDF-OT/results_OT/baselines/DLinear_PEMS08_36_1.0_0.0_0.0005_type1_10_3_32
DLinear,48,PEMS08,0.0005,32,3,0,10,type1,0.3889409303665161,0.428529292345047,/mnt/tidalfs-bdsz01/usr/panlicheng/workspace/ProjDF-OT/results_OT/baselines/DLinear_PEMS08_48_1.0_0.0_0.0005_type1_10_3_32
DLinear,96,Traffic,0.0005,4,3,0,10,type1,0.6488514542579651,0.3965752422809601,/mnt/tidalfs-bdsz01/usr/panlicheng/workspace/ProjDF-OT/results_OT/baselines/DLinear_Traffic_96_1.0_0.0_0.0005_type1_10_3_4
DLinear,192,Traffic,0.0005,4,3,0,10,type1,0.5984793305397034,0.370913565158844,/mnt/tidalfs-bdsz01/usr/panlicheng/workspace/ProjDF-OT/results_OT/baselines/DLinear_Traffic_192_1.0_0.0_0.0005_type1_10_3_4
DLinear,336,Traffic,0.0005,4,3,0,10,type1,0.6052410006523132,0.3733278810977936,/mnt/tidalfs-bdsz01/usr/panlicheng/workspace/ProjDF-OT/results_OT/baselines/DLinear_Traffic_336_1.0_0.0_0.0005_type1_10_3_4
DLinear,720,Traffic,0.0005,4,3,0,10,type1,0.6457996964454651,0.3953804075717926,/mnt/tidalfs-bdsz01/usr/panlicheng/workspace/ProjDF-OT/results_OT/baselines/DLinear_Traffic_720_1.0_0.0_0.0005_type1_10_3_4
DLinear,96,Weather,0.0005,32,3,0,10,type1,0.19397175312042236,0.2532319128513336,/mnt/tidalfs-bdsz01/usr/panlicheng/workspace/ProjDF-OT/results_OT/baselines/DLinear_Weather_96_1.0_0.0_0.0005_type1_10_3_32
DLinear,192,Weather,0.0005,32,3,0,10,type1,0.23785743117332458,0.29627272486686707,/mnt/tidalfs-bdsz01/usr/panlicheng/workspace/ProjDF-OT/results_OT/baselines/DLinear_Weather_192_1.0_0.0_0.0005_type1_10_3_32
DLinear,336,Weather,0.0005,32,3,0,10,type1,0.28182488679885864,0.332035094499588,/mnt/tidalfs-bdsz01/usr/panlicheng/workspace/ProjDF-OT/results_OT/baselines/DLinear_Weather_336_1.0_0.0_0.0005_type1_10_3_32
DLinear,720,Weather,0.0005,32,3,0,10,type1,0.3474990427494049,0.38491612672805786,/mnt/tidalfs-bdsz01/usr/panlicheng/workspace/ProjDF-OT/results_OT/baselines/DLinear_Weather_720_1.0_0.0_0.0005_type1_10_3_32
DLinear_Ind,96,ECL,0.0005,32,3,1,10,type1,0.18815860152244568,0.27776843309402466,/mnt/tidalfs-bdsz01/usr/panlicheng/workspace/ProjDF-OT/results_OT/baselines/DLinear_ECL_96_1.0_0.0_0.0005_type1_10_3_32_1
DLinear_Ind,192,ECL,0.0005,32,3,1,10,type1,0.18841968476772308,0.2810494601726532,/mnt/tidalfs-bdsz01/usr/panlicheng/workspace/ProjDF-OT/results_OT/baselines/DLinear_ECL_192_1.0_0.0_0.0005_type1_10_3_32_1
DLinear_Ind,336,ECL,0.0005,32,3,1,10,type1,0.20184487104415894,0.2964346706867218,/mnt/tidalfs-bdsz01/usr/panlicheng/workspace/ProjDF-OT/results_OT/baselines/DLinear_ECL_336_1.0_0.0_0.0005_type1_10_3_32_1
DLinear_Ind,720,ECL,0.0005,32,3,1,10,type1,0.2377375066280365,0.3289467394351959,/mnt/tidalfs-bdsz01/usr/panlicheng/workspace/ProjDF-OT/results_OT/baselines/DLinear_ECL_720_1.0_0.0_0.0005_type1_10_3_32_1
DLinear_Ind,96,ETTh1,0.0005,32,3,1,10,type1,0.38679784536361694,0.39850664138793945,/mnt/tidalfs-bdsz01/usr/panlicheng/workspace/ProjDF-OT/results_OT/baselines/DLinear_ETTh1_96_1.0_0.0_0.0005_type1_10_3_32_1
DLinear_Ind,192,ETTh1,0.0005,32,3,1,10,type1,0.44593381881713867,0.43441617488861084,/mnt/tidalfs-bdsz01/usr/panlicheng/workspace/ProjDF-OT/results_OT/baselines/DLinear_ETTh1_192_1.0_0.0_0.0005_type1_10_3_32_1
DLinear_Ind,336,ETTh1,0.0005,32,3,1,10,type1,0.4855463206768036,0.45328488945961,/mnt/tidalfs-bdsz01/usr/panlicheng/workspace/ProjDF-OT/results_OT/baselines/DLinear_ETTh1_336_1.0_0.0_0.0005_type1_10_3_32_1
DLinear_Ind,720,ETTh1,0.0005,32,3,1,10,type1,0.5037798881530762,0.4887036085128784,/mnt/tidalfs-bdsz01/usr/panlicheng/workspace/ProjDF-OT/results_OT/baselines/DLinear_ETTh1_720_1.0_0.0_0.0005_type1_10_3_32_1
DLinear_Ind,96,ETTh2,0.0005,32,3,1,10,type1,0.5699768662452698,0.48914802074432373,/mnt/tidalfs-bdsz01/usr/panlicheng/workspace/ProjDF-OT/results_OT/baselines/DLinear_ETTh2_96_1.0_0.0_0.0005_type1_10_3_32_1
DLinear_Ind,192,ETTh2,0.0005,32,3,1,10,type1,0.803598940372467,0.5876509547233582,/mnt/tidalfs-bdsz01/usr/panlicheng/workspace/ProjDF-OT/results_OT/baselines/DLinear_ETTh2_192_1.0_0.0_0.0005_type1_10_3_32_1
DLinear_Ind,336,ETTh2,0.0005,32,3,1,10,type1,1.0152418613433838,0.6680451035499573,/mnt/tidalfs-bdsz01/usr/panlicheng/workspace/ProjDF-OT/results_OT/baselines/DLinear_ETTh2_336_1.0_0.0_0.0005_type1_10_3_32_1
DLinear_Ind,720,ETTh2,0.0005,32,3,1,10,type1,1.2311253547668457,0.750737190246582,/mnt/tidalfs-bdsz01/usr/panlicheng/workspace/ProjDF-OT/results_OT/baselines/DLinear_ETTh2_720_1.0_0.0_0.0005_type1_10_3_32_1
DLinear_Ind,96,ETTm1,0.0005,32,3,1,10,type1,0.3291541039943695,0.3631829023361206,/mnt/tidalfs-bdsz01/usr/panlicheng/workspace/ProjDF-OT/results_OT/baselines/DLinear_ETTm1_96_1.0_0.0_0.0005_type1_10_3_32_1
DLinear_Ind,192,ETTm1,0.0005,32,3,1,10,type1,0.3664713203907013,0.3814316391944885,/mnt/tidalfs-bdsz01/usr/panlicheng/workspace/ProjDF-OT/results_OT/baselines/DLinear_ETTm1_192_1.0_0.0_0.0005_type1_10_3_32_1
DLinear_Ind,336,ETTm1,0.0005,32,3,1,10,type1,0.3961869776248932,0.4016381502151489,/mnt/tidalfs-bdsz01/usr/panlicheng/workspace/ProjDF-OT/results_OT/baselines/DLinear_ETTm1_336_1.0_0.0_0.0005_type1_10_3_32_1
DLinear_Ind,720,ETTm1,0.0005,32,3,1,10,type1,0.4604909420013428,0.43844521045684814,/mnt/tidalfs-bdsz01/usr/panlicheng/workspace/ProjDF-OT/results_OT/baselines/DLinear_ETTm1_720_1.0_0.0_0.0005_type1_10_3_32_1
DLinear_Ind,96,ETTm2,0.0005,32,3,1,10,type1,0.2362433820962906,0.31998687982559204,/mnt/tidalfs-bdsz01/usr/panlicheng/workspace/ProjDF-OT/results_OT/baselines/DLinear_ETTm2_96_1.0_0.0_0.0005_type1_10_3_32_1
DLinear_Ind,192,ETTm2,0.0005,32,3,1,10,type1,0.40143513679504395,0.4098578691482544,/mnt/tidalfs-bdsz01/usr/panlicheng/workspace/ProjDF-OT/results_OT/baselines/DLinear_ETTm2_192_1.0_0.0_0.0005_type1_10_3_32_1
DLinear_Ind,336,ETTm2,0.0005,32,3,1,10,type1,0.576191246509552,0.5020701885223389,/mnt/tidalfs-bdsz01/usr/panlicheng/workspace/ProjDF-OT/results_OT/baselines/DLinear_ETTm2_336_1.0_0.0_0.0005_type1_10_3_32_1
DLinear_Ind,720,ETTm2,0.0005,32,3,1,10,type1,1.0055301189422607,0.6572340130805969,/mnt/tidalfs-bdsz01/usr/panlicheng/workspace/ProjDF-OT/results_OT/baselines/DLinear_ETTm2_720_1.0_0.0_0.0005_type1_10_3_32_1
DLinear_Ind,12,PEMS03,0.0005,32,3,1,10,type1,0.10211775451898575,0.2192559838294983,/mnt/tidalfs-bdsz01/usr/panlicheng/workspace/ProjDF-OT/results_OT/baselines/DLinear_PEMS03_12_1.0_0.0_0.0005_type1_10_3_32_1
DLinear_Ind,24,PEMS03,0.0005,32,3,1,10,type1,0.17560148239135742,0.2936181426048279,/mnt/tidalfs-bdsz01/usr/panlicheng/workspace/ProjDF-OT/results_OT/baselines/DLinear_PEMS03_24_1.0_0.0_0.0005_type1_10_3_32_1
DLinear_Ind,36,PEMS03,0.0005,32,3,1,10,type1,0.24670740962028503,0.35620614886283875,/mnt/tidalfs-bdsz01/usr/panlicheng/workspace/ProjDF-OT/results_OT/baselines/DLinear_PEMS03_36_1.0_0.0_0.0005_type1_10_3_32_1
DLinear_Ind,48,PEMS03,0.0005,32,3,1,10,type1,0.30571478605270386,0.40445396304130554,/mnt/tidalfs-bdsz01/usr/panlicheng/workspace/ProjDF-OT/results_OT/baselines/DLinear_PEMS03_48_1.0_0.0_0.0005_type1_10_3_32_1
DLinear_Ind,12,PEMS08,0.0005,32,3,1,10,type1,0.11949160695075989,0.23046503961086273,/mnt/tidalfs-bdsz01/usr/panlicheng/workspace/ProjDF-OT/results_OT/baselines/DLinear_PEMS08_12_1.0_0.0_0.0005_type1_10_3_32_1
DLinear_Ind,24,PEMS08,0.0005,32,3,1,10,type1,0.20462124049663544,0.3055117726325989,/mnt/tidalfs-bdsz01/usr/panlicheng/workspace/ProjDF-OT/results_OT/baselines/DLinear_PEMS08_24_1.0_0.0_0.0005_type1_10_3_32_1
DLinear_Ind,36,PEMS08,0.0005,32,3,1,10,type1,0.296821653842926,0.3712913990020752,/mnt/tidalfs-bdsz01/usr/panlicheng/workspace/ProjDF-OT/results_OT/baselines/DLinear_PEMS08_36_1.0_0.0_0.0005_type1_10_3_32_1
DLinear_Ind,48,PEMS08,0.0005,32,3,1,10,type1,0.38760748505592346,0.4259498715400696,/mnt/tidalfs-bdsz01/usr/panlicheng/workspace/ProjDF-OT/results_OT/baselines/DLinear_PEMS08_48_1.0_0.0_0.0005_type1_10_3_32_1
DLinear_Ind,96,Traffic,0.0005,4,3,1,10,type1,0.6479613780975342,0.40413281321525574,/mnt/tidalfs-bdsz01/usr/panlicheng/workspace/ProjDF-OT/results_OT/baselines/DLinear_Traffic_96_1.0_0.0_0.0005_type1_10_3_4_1
DLinear_Ind,192,Traffic,0.0005,4,3,1,10,type1,0.6028915047645569,0.3773486018180847,/mnt/tidalfs-bdsz01/usr/panlicheng/workspace/ProjDF-OT/results_OT/baselines/DLinear_Traffic_192_1.0_0.0_0.0005_type1_10_3_4_1
DLinear_Ind,336,Traffic,0.0005,4,3,1,10,type1,0.6085463166236877,0.37925365567207336,/mnt/tidalfs-bdsz01/usr/panlicheng/workspace/ProjDF-OT/results_OT/baselines/DLinear_Traffic_336_1.0_0.0_0.0005_type1_10_3_4_1
DLinear_Ind,720,Traffic,0.0005,4,3,1,10,type1,0.6473203897476196,0.4000886082649231,/mnt/tidalfs-bdsz01/usr/panlicheng/workspace/ProjDF-OT/results_OT/baselines/DLinear_Traffic_720_1.0_0.0_0.0005_type1_10_3_4_1
DLinear_Ind,96,Weather,0.0005,32,3,1,10,type1,0.164179265499115,0.2374219000339508,/mnt/tidalfs-bdsz01/usr/panlicheng/workspace/ProjDF-OT/results_OT/baselines/DLinear_Weather_96_1.0_0.0_0.0005_type1_10_3_32_1
DLinear_Ind,192,Weather,0.0005,32,3,1,10,type1,0.20596253871917725,0.27893632650375366,/mnt/tidalfs-bdsz01/usr/panlicheng/workspace/ProjDF-OT/results_OT/baselines/DLinear_Weather_192_1.0_0.0_0.0005_type1_10_3_32_1
DLinear_Ind,336,Weather,0.0005,32,3,1,10,type1,0.26063594222068787,0.32407426834106445,/mnt/tidalfs-bdsz01/usr/panlicheng/workspace/ProjDF-OT/results_OT/baselines/DLinear_Weather_336_1.0_0.0_0.0005_type1_10_3_32_1
DLinear_Ind,720,Weather,0.0005,32,3,1,10,type1,0.33764857053756714,0.37876808643341064,/mnt/tidalfs-bdsz01/usr/panlicheng/workspace/ProjDF-OT/results_OT/baselines/DLinear_Weather_720_1.0_0.0_0.0005_type1_10_3_32_1
FEDformer,96,ECL,0.0005,32,3,0,10,type1,0.18672272562980652,0.30210015177726746,/mnt/tidalfs-bdsz01/usr/panlicheng/workspace/ProjDF-OT/results_OT/baselines/FEDformer_ECL_96_1.0_0.0_0.0005_type1_10_3_32
FEDformer,192,ECL,0.0005,32,3,0,10,type1,0.20694005489349365,0.3218899369239807,/mnt/tidalfs-bdsz01/usr/panlicheng/workspace/ProjDF-OT/results_OT/baselines/FEDformer_ECL_192_1.0_0.0_0.0005_type1_10_3_32
FEDformer,336,ECL,0.0005,32,3,0,10,type1,0.21063917875289917,0.32648155093193054,/mnt/tidalfs-bdsz01/usr/panlicheng/workspace/ProjDF-OT/results_OT/baselines/FEDformer_ECL_336_1.0_0.0_0.0005_type1_10_3_32
FEDformer,720,ECL,0.0005,32,3,0,10,type1,0.2525409758090973,0.36144357919692993,/mnt/tidalfs-bdsz01/usr/panlicheng/workspace/ProjDF-OT/results_OT/baselines/FEDformer_ECL_720_1.0_0.0_0.0005_type1_10_3_32
FEDformer,96,ETTh1,0.0005,32,3,0,10,type1,0.39102432131767273,0.432856023311615,/mnt/tidalfs-bdsz01/usr/panlicheng/workspace/ProjDF-OT/results_OT/baselines/FEDformer_ETTh1_96_1.0_0.0_0.0005_type1_10_3_32
FEDformer,192,ETTh1,0.0005,32,3,0,10,type1,0.41768595576286316,0.4482528567314148,/mnt/tidalfs-bdsz01/usr/panlicheng/workspace/ProjDF-OT/results_OT/baselines/FEDformer_ETTh1_192_1.0_0.0_0.0005_type1_10_3_32
FEDformer,336,ETTh1,0.0005,32,3,0,10,type1,0.4870549440383911,0.4844449460506439,/mnt/tidalfs-bdsz01/usr/panlicheng/workspace/ProjDF-OT/results_OT/baselines/FEDformer_ETTh1_336_1.0_0.0_0.0005_type1_10_3_32
FEDformer,720,ETTh1,0.0005,32,3,0,10,type1,0.4941749572753906,0.513733446598053,/mnt/tidalfs-bdsz01/usr/panlicheng/workspace/ProjDF-OT/results_OT/baselines/FEDformer_ETTh1_720_1.0_0.0_0.0005_type1_10_3_32
FEDformer,96,ETTh2,0.0005,32,3,0,10,type1,0.35141903162002563,0.39081668853759766,/mnt/tidalfs-bdsz01/usr/panlicheng/workspace/ProjDF-OT/results_OT/baselines/FEDformer_ETTh2_96_1.0_0.0_0.0005_type1_10_3_32
FEDformer,192,ETTh2,0.0005,32,3,0,10,type1,0.4562305212020874,0.45565053820610046,/mnt/tidalfs-bdsz01/usr/panlicheng/workspace/ProjDF-OT/results_OT/baselines/FEDformer_ETTh2_192_1.0_0.0_0.0005_type1_10_3_32
FEDformer,336,ETTh2,0.0005,32,3,0,10,type1,0.4771290719509125,0.49171051383018494,/mnt/tidalfs-bdsz01/usr/panlicheng/workspace/ProjDF-OT/results_OT/baselines/FEDformer_ETTh2_336_1.0_0.0_0.0005_type1_10_3_32
FEDformer,720,ETTh2,0.0005,32,3,0,10,type1,0.5221592783927917,0.5053715109825134,/mnt/tidalfs-bdsz01/usr/panlicheng/workspace/ProjDF-OT/results_OT/baselines/FEDformer_ETTh2_720_1.0_0.0_0.0005_type1_10_3_32
FEDformer,96,ETTm1,0.0005,32,3,0,10,type1,0.40084582567214966,0.4336603879928589,/mnt/tidalfs-bdsz01/usr/panlicheng/workspace/ProjDF-OT/results_OT/baselines/FEDformer_ETTm1_96_1.0_0.0_0.0005_type1_10_3_32
FEDformer,192,ETTm1,0.0005,32,3,0,10,type1,0.41489800810813904,0.4464244246482849,/mnt/tidalfs-bdsz01/usr/panlicheng/workspace/ProjDF-OT/results_OT/baselines/FEDformer_ETTm1_192_1.0_0.0_0.0005_type1_10_3_32
FEDformer,336,ETTm1,0.0005,32,3,0,10,type1,0.43181854486465454,0.44956713914871216,/mnt/tidalfs-bdsz01/usr/panlicheng/workspace/ProjDF-OT/results_OT/baselines/FEDformer_ETTm1_336_1.0_0.0_0.0005_type1_10_3_32
FEDformer,720,ETTm1,0.0005,32,3,0,10,type1,0.522394061088562,0.5000726580619812,/mnt/tidalfs-bdsz01/usr/panlicheng/workspace/ProjDF-OT/results_OT/baselines/FEDformer_ETTm1_720_1.0_0.0_0.0005_type1_10_3_32
FEDformer,96,ETTm2,0.0005,32,3,0,10,type1,0.2054848074913025,0.28906822204589844,/mnt/tidalfs-bdsz01/usr/panlicheng/workspace/ProjDF-OT/results_OT/baselines/FEDformer_ETTm2_96_1.0_0.0_0.0005_type1_10_3_32
FEDformer,192,ETTm2,0.0005,32,3,0,10,type1,0.27069008350372314,0.33441677689552307,/mnt/tidalfs-bdsz01/usr/panlicheng/workspace/ProjDF-OT/results_OT/baselines/FEDformer_ETTm2_192_1.0_0.0_0.0005_type1_10_3_32
FEDformer,336,ETTm2,0.0005,32,3,0,10,type1,0.32717856764793396,0.36593323945999146,/mnt/tidalfs-bdsz01/usr/panlicheng/workspace/ProjDF-OT/results_OT/baselines/FEDformer_ETTm2_336_1.0_0.0_0.0005_type1_10_3_32
FEDformer,720,ETTm2,0.0005,32,3,0,10,type1,0.42774248123168945,0.4252030551433563,/mnt/tidalfs-bdsz01/usr/panlicheng/workspace/ProjDF-OT/results_OT/baselines/FEDformer_ETTm2_720_1.0_0.0_0.0005_type1_10_3_32
FEDformer,12,PEMS03,0.0005,32,3,0,10,type1,0.10845185071229935,0.2286282479763031,/mnt/tidalfs-bdsz01/usr/panlicheng/workspace/ProjDF-OT/results_OT/baselines/FEDformer_PEMS03_12_1.0_0.0_0.0005_type1_10_3_32
FEDformer,24,PEMS03,0.0005,32,3,0,10,type1,0.130944162607193,0.2545838952064514,/mnt/tidalfs-bdsz01/usr/panlicheng/workspace/ProjDF-OT/results_OT/baselines/FEDformer_PEMS03_24_1.0_0.0_0.0005_type1_10_3_32
FEDformer,36,PEMS03,0.0005,32,3,0,10,type1,0.15922193229198456,0.28498658537864685,/mnt/tidalfs-bdsz01/usr/panlicheng/workspace/ProjDF-OT/results_OT/baselines/FEDformer_PEMS03_36_1.0_0.0_0.0005_type1_10_3_32
FEDformer,48,PEMS03,0.0005,32,3,0,10,type1,0.20909246802330017,0.33100083470344543,/mnt/tidalfs-bdsz01/usr/panlicheng/workspace/ProjDF-OT/results_OT/baselines/FEDformer_PEMS03_48_1.0_0.0_0.0005_type1_10_3_32
FEDformer,12,PEMS08,0.0005,32,3,0,10,type1,0.162519171833992,0.2577342689037323,/mnt/tidalfs-bdsz01/usr/panlicheng/workspace/ProjDF-OT/results_OT/baselines/FEDformer_PEMS08_12_1.0_0.0_0.0005_type1_10_3_32
FEDformer,24,PEMS08,0.0005,32,3,0,10,type1,0.1970776915550232,0.28758424520492554,/mnt/tidalfs-bdsz01/usr/panlicheng/workspace/ProjDF-OT/results_OT/baselines/FEDformer_PEMS08_24_1.0_0.0_0.0005_type1_10_3_32
FEDformer,36,PEMS08,0.0005,32,3,0,10,type1,0.24118943512439728,0.3262353539466858,/mnt/tidalfs-bdsz01/usr/panlicheng/workspace/ProjDF-OT/results_OT/baselines/FEDformer_PEMS08_36_1.0_0.0_0.0005_type1_10_3_32
FEDformer,48,PEMS08,0.0005,32,3,0,10,type1,0.3020095229148865,0.3751170337200165,/mnt/tidalfs-bdsz01/usr/panlicheng/workspace/ProjDF-OT/results_OT/baselines/FEDformer_PEMS08_48_1.0_0.0_0.0005_type1_10_3_32
FEDformer,96,Traffic,0.0005,4,3,0,10,type1,0.5882208347320557,0.36691123247146606,/mnt/tidalfs-bdsz01/usr/panlicheng/workspace/ProjDF-OT/results_OT/baselines/FEDformer_Traffic_96_1.0_0.0_0.0005_type1_10_3_4
FEDformer,192,Traffic,0.0005,4,3,0,10,type1,0.61347496509552,0.3767834007740021,/mnt/tidalfs-bdsz01/usr/panlicheng/workspace/ProjDF-OT/results_OT/baselines/FEDformer_Traffic_192_1.0_0.0_0.0005_type1_10_3_4
FEDformer,336,Traffic,0.0005,4,3,0,10,type1,0.6395249366760254,0.3977344334125519,/mnt/tidalfs-bdsz01/usr/panlicheng/workspace/ProjDF-OT/results_OT/baselines/FEDformer_Traffic_336_1.0_0.0_0.0005_type1_10_3_4
FEDformer,720,Traffic,0.0005,4,3,0,10,type1,0.7178198099136353,0.45003238320350647,/mnt/tidalfs-bdsz01/usr/panlicheng/workspace/ProjDF-OT/results_OT/baselines/FEDformer_Traffic_720_1.0_0.0_0.0005_type1_10_3_4
FEDformer,96,Weather,0.0005,32,3,0,10,type1,0.23454812169075012,0.31010717153549194,/mnt/tidalfs-bdsz01/usr/panlicheng/workspace/ProjDF-OT/results_OT/baselines/FEDformer_Weather_96_1.0_0.0_0.0005_type1_10_3_32
FEDformer,192,Weather,0.0005,32,3,0,10,type1,0.2949097454547882,0.3527556359767914,/mnt/tidalfs-bdsz01/usr/panlicheng/workspace/ProjDF-OT/results_OT/baselines/FEDformer_Weather_192_1.0_0.0_0.0005_type1_10_3_32
FEDformer,336,Weather,0.0005,32,3,0,10,type1,0.36409318447113037,0.39683905243873596,/mnt/tidalfs-bdsz01/usr/panlicheng/workspace/ProjDF-OT/results_OT/baselines/FEDformer_Weather_336_1.0_0.0_0.0005_type1_10_3_32
FEDformer,720,Weather,0.0005,32,3,0,10,type1,0.41111329197883606,0.42850178480148315,/mnt/tidalfs-bdsz01/usr/panlicheng/workspace/ProjDF-OT/results_OT/baselines/FEDformer_Weather_720_1.0_0.0_0.0005_type1_10_3_32
FreTS,96,ECL,0.0005,16,3,0,10,type1,0.1799144744873047,0.2663211524486542,/mnt/tidalfs-bdsz01/usr/panlicheng/workspace/ProjDF-OT/results_OT/baselines/FreTS_ECL_96_1.0_0.0_0.0005_type1_10_3_16
FreTS,192,ECL,0.0005,16,3,0,10,type1,0.18419094383716583,0.27248385548591614,/mnt/tidalfs-bdsz01/usr/panlicheng/workspace/ProjDF-OT/results_OT/baselines/FreTS_ECL_192_1.0_0.0_0.0005_type1_10_3_16
FreTS,336,ECL,0.0005,16,3,0,10,type1,0.19920453429222107,0.2896699607372284,/mnt/tidalfs-bdsz01/usr/panlicheng/workspace/ProjDF-OT/results_OT/baselines/FreTS_ECL_336_1.0_0.0_0.0005_type1_10_3_16
FreTS,720,ECL,0.0005,16,3,0,10,type1,0.23437091708183289,0.32192981243133545,/mnt/tidalfs-bdsz01/usr/panlicheng/workspace/ProjDF-OT/results_OT/baselines/FreTS_ECL_720_1.0_0.0_0.0005_type1_10_3_16
FreTS,96,ETTh1,0.0005,32,3,0,10,type1,0.39820852875709534,0.40934276580810547,/mnt/tidalfs-bdsz01/usr/panlicheng/workspace/ProjDF-OT/results_OT/baselines/FreTS_ETTh1_96_1.0_0.0_0.0005_type1_10_3_32
FreTS,192,ETTh1,0.0005,32,3,0,10,type1,0.4508873522281647,0.4424583613872528,/mnt/tidalfs-bdsz01/usr/panlicheng/workspace/ProjDF-OT/results_OT/baselines/FreTS_ETTh1_192_1.0_0.0_0.0005_type1_10_3_32
FreTS,336,ETTh1,0.0005,32,3,0,10,type1,0.5005543828010559,0.4715646505355835,/mnt/tidalfs-bdsz01/usr/panlicheng/workspace/ProjDF-OT/results_OT/baselines/FreTS_ETTh1_336_1.0_0.0_0.0005_type1_10_3_32
FreTS,720,ETTh1,0.0005,32,3,0,10,type1,0.6076951622962952,0.5706942081451416,/mnt/tidalfs-bdsz01/usr/panlicheng/workspace/ProjDF-OT/results_OT/baselines/FreTS_ETTh1_720_1.0_0.0_0.0005_type1_10_3_32
FreTS,96,ETTh2,0.0005,32,3,0,10,type1,0.315257728099823,0.3736221492290497,/mnt/tidalfs-bdsz01/usr/panlicheng/workspace/ProjDF-OT/results_OT/baselines/FreTS_ETTh2_96_1.0_0.0_0.0005_type1_10_3_32
FreTS,192,ETTh2,0.0005,32,3,0,10,type1,0.46607840061187744,0.4665719270706177,/mnt/tidalfs-bdsz01/usr/panlicheng/workspace/ProjDF-OT/results_OT/baselines/FreTS_ETTh2_192_1.0_0.0_0.0005_type1_10_3_32
FreTS,336,ETTh2,0.0005,32,3,0,10,type1,0.521734356880188,0.5018897652626038,/mnt/tidalfs-bdsz01/usr/panlicheng/workspace/ProjDF-OT/results_OT/baselines/FreTS_ETTh2_336_1.0_0.0_0.0005_type1_10_3_32
FreTS,720,ETTh2,0.0005,32,3,0,10,type1,0.7920379042625427,0.642590343952179,/mnt/tidalfs-bdsz01/usr/panlicheng/workspace/ProjDF-OT/results_OT/baselines/FreTS_ETTh2_720_1.0_0.0_0.0005_type1_10_3_32
FreTS,96,ETTm1,0.0005,32,3,0,10,type1,0.3418392539024353,0.3745572566986084,/mnt/tidalfs-bdsz01/usr/panlicheng/workspace/ProjDF-OT/results_OT/baselines/FreTS_ETTm1_96_1.0_0.0_0.0005_type1_10_3_32
FreTS,192,ETTm1,0.0005,32,3,0,10,type1,0.38453584909439087,0.40040743350982666,/mnt/tidalfs-bdsz01/usr/panlicheng/workspace/ProjDF-OT/results_OT/baselines/FreTS_ETTm1_192_1.0_0.0_0.0005_type1_10_3_32
FreTS,336,ETTm1,0.0005,32,3,0,10,type1,0.41598597168922424,0.42057767510414124,/mnt/tidalfs-bdsz01/usr/panlicheng/workspace/ProjDF-OT/results_OT/baselines/FreTS_ETTm1_336_1.0_0.0_0.0005_type1_10_3_32
FreTS,720,ETTm1,0.0005,32,3,0,10,type1,0.5133016705513,0.4891858696937561,/mnt/tidalfs-bdsz01/usr/panlicheng/workspace/ProjDF-OT/results_OT/baselines/FreTS_ETTm1_720_1.0_0.0_0.0005_type1_10_3_32
FreTS,96,ETTm2,0.0005,32,3,0,10,type1,0.18836908042430878,0.2787044942378998,/mnt/tidalfs-bdsz01/usr/panlicheng/workspace/ProjDF-OT/results_OT/baselines/FreTS_ETTm2_96_1.0_0.0_0.0005_type1_10_3_32
FreTS,192,ETTm2,0.0005,32,3,0,10,type1,0.2641710340976715,0.3291310966014862,/mnt/tidalfs-bdsz01/usr/panlicheng/workspace/ProjDF-OT/results_OT/baselines/FreTS_ETTm2_192_1.0_0.0_0.0005_type1_10_3_32
FreTS,336,ETTm2,0.0005,32,3,0,10,type1,0.3223746418952942,0.3691590428352356,/mnt/tidalfs-bdsz01/usr/panlicheng/workspace/ProjDF-OT/results_OT/baselines/FreTS_ETTm2_336_1.0_0.0_0.0005_type1_10_3_32
FreTS,720,ETTm2,0.0005,32,3,0,10,type1,0.4890476167201996,0.48154136538505554,/mnt/tidalfs-bdsz01/usr/panlicheng/workspace/ProjDF-OT/results_OT/baselines/FreTS_ETTm2_720_1.0_0.0_0.0005_type1_10_3_32
FreTS,12,PEMS03,0.0005,32,3,0,10,type1,0.0853414535522461,0.197742760181427,/mnt/tidalfs-bdsz01/usr/panlicheng/workspace/ProjDF-OT/results_OT/baselines/FreTS_PEMS03_12_1.0_0.0_0.0005_type1_10_3_32
FreTS,24,PEMS03,0.0005,32,3,0,10,type1,0.12895967066287994,0.24366997182369232,/mnt/tidalfs-bdsz01/usr/panlicheng/workspace/ProjDF-OT/results_OT/baselines/FreTS_PEMS03_24_1.0_0.0_0.0005_type1_10_3_32
FreTS,36,PEMS03,0.0005,32,3,0,10,type1,0.1729929894208908,0.28586986660957336,/mnt/tidalfs-bdsz01/usr/panlicheng/workspace/ProjDF-OT/results_OT/baselines/FreTS_PEMS03_36_1.0_0.0_0.0005_type1_10_3_32
FreTS,48,PEMS03,0.0005,32,3,0,10,type1,0.20686030387878418,0.3151184022426605,/mnt/tidalfs-bdsz01/usr/panlicheng/workspace/ProjDF-OT/results_OT/baselines/FreTS_PEMS03_48_1.0_0.0_0.0005_type1_10_3_32
FreTS,12,PEMS08,0.0005,32,3,0,10,type1,0.09620891511440277,0.2052035927772522,/mnt/tidalfs-bdsz01/usr/panlicheng/workspace/ProjDF-OT/results_OT/baselines/FreTS_PEMS08_12_1.0_0.0_0.0005_type1_10_3_32
FreTS,24,PEMS08,0.0005,32,3,0,10,type1,0.15055787563323975,0.2583062946796417,/mnt/tidalfs-bdsz01/usr/panlicheng/workspace/ProjDF-OT/results_OT/baselines/FreTS_PEMS08_24_1.0_0.0_0.0005_type1_10_3_32
FreTS,36,PEMS08,0.0005,32,3,0,10,type1,0.20311599969863892,0.30290594696998596,/mnt/tidalfs-bdsz01/usr/panlicheng/workspace/ProjDF-OT/results_OT/baselines/FreTS_PEMS08_36_1.0_0.0_0.0005_type1_10_3_32
FreTS,48,PEMS08,0.0005,32,3,0,10,type1,0.24685314297676086,0.33438825607299805,/mnt/tidalfs-bdsz01/usr/panlicheng/workspace/ProjDF-OT/results_OT/baselines/FreTS_PEMS08_48_1.0_0.0_0.0005_type1_10_3_32
FreTS,96,Traffic,0.0005,8,3,0,10,type1,0.5314222574234009,0.32329925894737244,/mnt/tidalfs-bdsz01/usr/panlicheng/workspace/ProjDF-OT/results_OT/baselines/FreTS_Traffic_96_1.0_0.0_0.0005_type1_10_3_8
FreTS,192,Traffic,0.0005,8,3,0,10,type1,0.5185437798500061,0.32141876220703125,/mnt/tidalfs-bdsz01/usr/panlicheng/workspace/ProjDF-OT/results_OT/baselines/FreTS_Traffic_192_1.0_0.0_0.0005_type1_10_3_8
FreTS,336,Traffic,0.0005,8,3,0,10,type1,0.5291821360588074,0.3274318277835846,/mnt/tidalfs-bdsz01/usr/panlicheng/workspace/ProjDF-OT/results_OT/baselines/FreTS_Traffic_336_1.0_0.0_0.0005_type1_10_3_8
FreTS,720,Traffic,0.0005,8,3,0,10,type1,0.5732153654098511,0.34599751234054565,/mnt/tidalfs-bdsz01/usr/panlicheng/workspace/ProjDF-OT/results_OT/baselines/FreTS_Traffic_720_1.0_0.0_0.0005_type1_10_3_8
FreTS,96,Weather,0.0005,32,3,0,10,type1,0.17368343472480774,0.22773674130439758,/mnt/tidalfs-bdsz01/usr/panlicheng/workspace/ProjDF-OT/results_OT/baselines/FreTS_Weather_96_1.0_0.0_0.0005_type1_10_3_32
FreTS,192,Weather,0.0005,32,3,0,10,type1,0.212845578789711,0.26609164476394653,/mnt/tidalfs-bdsz01/usr/panlicheng/workspace/ProjDF-OT/results_OT/baselines/FreTS_Weather_192_1.0_0.0_0.0005_type1_10_3_32
FreTS,336,Weather,0.0005,32,3,0,10,type1,0.270492285490036,0.31591519713401794,/mnt/tidalfs-bdsz01/usr/panlicheng/workspace/ProjDF-OT/results_OT/baselines/FreTS_Weather_336_1.0_0.0_0.0005_type1_10_3_32
FreTS,720,Weather,0.0005,32,3,0,10,type1,0.3372206389904022,0.362298846244812,/mnt/tidalfs-bdsz01/usr/panlicheng/workspace/ProjDF-OT/results_OT/baselines/FreTS_Weather_720_1.0_0.0_0.0005_type1_10_3_32
Fredformer,96,ECL,0.01,32,5,0,100,TST,0.16101814806461334,0.25759145617485046,/mnt/tidalfs-bdsz01/usr/panlicheng/workspace/ProjDF-OT/results_OT/baselines/Fredformer_ECL_96_1.0_0.0_0.01_TST_100_5_32_640_3_8_640_32
Fredformer,192,ECL,0.01,32,5,0,100,TST,0.17358548939228058,0.26946982741355896,/mnt/tidalfs-bdsz01/usr/panlicheng/workspace/ProjDF-OT/results_OT/baselines/Fredformer_ECL_192_1.0_0.0_0.01_TST_100_5_32_640_3_8_640_32
Fredformer,336,ECL,0.01,32,5,0,100,TST,0.19410815834999084,0.2903970777988434,/mnt/tidalfs-bdsz01/usr/panlicheng/workspace/ProjDF-OT/results_OT/baselines/Fredformer_ECL_336_1.0_0.0_0.01_TST_100_5_32_640_3_8_640_32
Fredformer,720,ECL,0.01,32,5,0,100,TST,0.2346724569797516,0.31938430666923523,/mnt/tidalfs-bdsz01/usr/panlicheng/workspace/ProjDF-OT/results_OT/baselines/Fredformer_ECL_720_1.0_0.0_0.01_TST_100_5_32_640_3_8_640_32
Fredformer,96,ETTh1,0.0001,128,10,0,100,type3,0.37719348073005676,0.3958878517150879,/mnt/tidalfs-bdsz01/usr/panlicheng/workspace/ProjDF-OT/results_OT/baselines/Fredformer_ETTh1_96_1.0_0.0_0.0001_type3_100_10_128_128_2_8_96_32
Fredformer,192,ETTh1,0.0001,128,10,0,100,type3,0.4370187819004059,0.42538982629776,/mnt/tidalfs-bdsz01/usr/panlicheng/workspace/ProjDF-OT/results_OT/baselines/Fredformer_ETTh1_192_1.0_0.0_0.0001_type3_100_10_128_128_2_8_96_32
Fredformer,336,ETTh1,0.0001,128,10,0,100,type3,0.4857693314552307,0.44857990741729736,/mnt/tidalfs-bdsz01/usr/panlicheng/workspace/ProjDF-OT/results_OT/baselines/Fredformer_ETTh1_336_1.0_0.0_0.0001_type3_100_10_128_128_2_8_96_32
Fredformer,720,ETTh1,0.0001,128,10,0,100,type3,0.487772136926651,0.4673515260219574,/mnt/tidalfs-bdsz01/usr/panlicheng/workspace/ProjDF-OT/results_OT/baselines/Fredformer_ETTh1_720_1.0_0.0_0.0001_type3_100_10_128_128_2_8_96_32
Fredformer,96,ETTh2,0.0001,128,10,0,100,type3,0.29337629675865173,0.3438819348812103,/mnt/tidalfs-bdsz01/usr/panlicheng/workspace/ProjDF-OT/results_OT/baselines/Fredformer_ETTh2_96_1.0_0.0_0.0001_type3_100_10_128_164_2_8_96_32
Fredformer,192,ETTh2,0.0001,128,10,0,100,type3,0.37195080518722534,0.391173779964447,/mnt/tidalfs-bdsz01/usr/panlicheng/workspace/ProjDF-OT/results_OT/baselines/Fredformer_ETTh2_192_1.0_0.0_0.0001_type3_100_10_128_164_2_8_96_32
Fredformer,336,ETTh2,0.0001,128,10,0,100,type3,0.4203943908214569,0.43348708748817444,/mnt/tidalfs-bdsz01/usr/panlicheng/workspace/ProjDF-OT/results_OT/baselines/Fredformer_ETTh2_336_1.0_0.0_0.0001_type3_100_10_128_128_2_8_96_32
Fredformer,720,ETTh2,0.0001,128,10,0,100,type3,0.42067527770996094,0.43915268778800964,/mnt/tidalfs-bdsz01/usr/panlicheng/workspace/ProjDF-OT/results_OT/baselines/Fredformer_ETTh2_720_1.0_0.0_0.0001_type3_100_10_128_128_2_8_96_32
Fredformer,96,ETTm1,0.0001,128,10,0,100,TST,0.3263689875602722,0.360869437456131,/mnt/tidalfs-bdsz01/usr/panlicheng/workspace/ProjDF-OT/results_OT/baselines/Fredformer_ETTm1_96_1.0_0.0_0.0001_TST_100_10_128_128_2_8_96_32
Fredformer,192,ETTm1,0.0001,128,10,0,100,TST,0.3651944398880005,0.3821316659450531,/mnt/tidalfs-bdsz01/usr/panlicheng/workspace/ProjDF-OT/results_OT/baselines/Fredformer_ETTm1_192_1.0_0.0_0.0001_TST_100_10_128_128_2_8_96_32
Fredformer,336,ETTm1,0.0001,128,10,0,100,TST,0.3959866464138031,0.40436896681785583,/mnt/tidalfs-bdsz01/usr/panlicheng/workspace/ProjDF-OT/results_OT/baselines/Fredformer_ETTm1_336_1.0_0.0_0.0001_TST_100_10_128_128_2_8_96_32
Fredformer,720,ETTm1,0.0001,128,10,0,100,TST,0.45921728014945984,0.4443422257900238,/mnt/tidalfs-bdsz01/usr/panlicheng/workspace/ProjDF-OT/results_OT/baselines/Fredformer_ETTm1_720_1.0_0.0_0.0001_TST_100_10_128_164_2_8_96_32
Fredformer,96,ETTm2,0.0001,128,10,0,100,TST,0.1770319938659668,0.25992557406425476,/mnt/tidalfs-bdsz01/usr/panlicheng/workspace/ProjDF-OT/results_OT/baselines/Fredformer_ETTm2_96_1.0_0.0_0.0001_TST_100_10_128_164_2_8_96_32
Fredformer,192,ETTm2,0.0001,128,10,0,100,TST,0.2416391372680664,0.2996726632118225,/mnt/tidalfs-bdsz01/usr/panlicheng/workspace/ProjDF-OT/results_OT/baselines/Fredformer_ETTm2_192_1.0_0.0_0.0001_TST_100_10_128_164_2_8_96_32
Fredformer,336,ETTm2,0.0001,128,10,0,100,TST,0.3018493950366974,0.3401988446712494,/mnt/tidalfs-bdsz01/usr/panlicheng/workspace/ProjDF-OT/results_OT/baselines/Fredformer_ETTm2_336_1.0_0.0_0.0001_TST_100_10_128_128_2_8_96_32
Fredformer,720,ETTm2,0.0001,128,10,0,100,TST,0.39881885051727295,0.39673879742622375,/mnt/tidalfs-bdsz01/usr/panlicheng/workspace/ProjDF-OT/results_OT/baselines/Fredformer_ETTm2_720_1.0_0.0_0.0001_TST_100_10_128_128_2_8_96_32
Fredformer,12,PEMS03,0.01,32,5,0,100,TST,0.08054382354021072,0.19134527444839478,/mnt/tidalfs-bdsz01/usr/panlicheng/workspace/ProjDF-OT/results_OT/baselines/Fredformer_PEMS03_12_1.0_0.0_0.01_TST_100_5_32_640_3_8_640_32
Fredformer,24,PEMS03,0.01,32,5,0,100,TST,0.12085317075252533,0.23956100642681122,/mnt/tidalfs-bdsz01/usr/panlicheng/workspace/ProjDF-OT/results_OT/baselines/Fredformer_PEMS03_24_1.0_0.0_0.01_TST_100_5_32_640_3_8_640_32
Fredformer,36,PEMS03,0.01,32,5,0,100,TST,0.18033045530319214,0.29245230555534363,/mnt/tidalfs-bdsz01/usr/panlicheng/workspace/ProjDF-OT/results_OT/baselines/Fredformer_PEMS03_36_1.0_0.0_0.01_TST_100_5_32_640_3_8_640_32
Fredformer,48,PEMS03,0.01,32,5,0,100,TST,0.20148275792598724,0.3156605362892151,/mnt/tidalfs-bdsz01/usr/panlicheng/workspace/ProjDF-OT/results_OT/baselines/Fredformer_PEMS03_48_1.0_0.0_0.01_TST_100_5_32_640_3_8_640_32
Fredformer,12,PEMS08,0.01,32,5,0,100,TST,0.090727798640728,0.1986607015132904,/mnt/tidalfs-bdsz01/usr/panlicheng/workspace/ProjDF-OT/results_OT/baselines/Fredformer_PEMS08_12_1.0_0.0_0.01_TST_100_5_32_640_3_8_640_32
Fredformer,24,PEMS08,0.01,32,5,0,100,TST,0.13805299997329712,0.24549295008182526,/mnt/tidalfs-bdsz01/usr/panlicheng/workspace/ProjDF-OT/results_OT/baselines/Fredformer_PEMS08_24_1.0_0.0_0.01_TST_100_5_32_640_3_8_640_32
Fredformer,36,PEMS08,0.01,32,5,0,100,TST,0.19921353459358215,0.3033343553543091,/mnt/tidalfs-bdsz01/usr/panlicheng/workspace/ProjDF-OT/results_OT/baselines/Fredformer_PEMS08_36_1.0_0.0_0.01_TST_100_5_32_640_3_8_640_32
Fredformer,48,PEMS08,0.01,32,5,0,100,TST,0.25482121109962463,0.3382721245288849,/mnt/tidalfs-bdsz01/usr/panlicheng/workspace/ProjDF-OT/results_OT/baselines/Fredformer_PEMS08_48_1.0_0.0_0.01_TST_100_5_32_640_3_8_640_32
Fredformer,96,Traffic,0.01,32,5,0,100,TST,0.4605758786201477,0.32721662521362305,/mnt/tidalfs-bdsz01/usr/panlicheng/workspace/ProjDF-OT/results_OT/baselines/Fredformer_Traffic_96_1.0_0.0_0.01_TST_100_5_32_512_3_8_512_32
Fredformer,192,Traffic,0.01,32,5,0,100,TST,0.46951305866241455,0.3257967531681061,/mnt/tidalfs-bdsz01/usr/panlicheng/workspace/ProjDF-OT/results_OT/baselines/Fredformer_Traffic_192_1.0_0.0_0.01_TST_100_5_32_512_3_8_512_32
Fredformer,336,Traffic,0.01,32,5,0,100,TST,0.4918484091758728,0.33833953738212585,/mnt/tidalfs-bdsz01/usr/panlicheng/workspace/ProjDF-OT/results_OT/baselines/Fredformer_Traffic_336_1.0_0.0_0.01_TST_100_5_32_640_3_8_640_48
Fredformer,720,Traffic,0.01,32,5,0,100,TST,0.5213066339492798,0.3527655601501465,/mnt/tidalfs-bdsz01/usr/panlicheng/workspace/ProjDF-OT/results_OT/baselines/Fredformer_Traffic_720_1.0_0.0_0.01_TST_100_5_32_640_3_8_640_48
Fredformer,96,Weather,0.001,128,5,0,100,type3,0.1801917850971222,0.21976283192634583,/mnt/tidalfs-bdsz01/usr/panlicheng/workspace/ProjDF-OT/results_OT/baselines/Fredformer_Weather_96_1.0_0.0_0.001_type3_100_5_128_32_3_8_32_8
Fredformer,192,Weather,0.001,128,5,0,100,type3,0.22237907350063324,0.2576284408569336,/mnt/tidalfs-bdsz01/usr/panlicheng/workspace/ProjDF-OT/results_OT/baselines/Fredformer_Weather_192_1.0_0.0_0.001_type3_100_5_128_32_3_8_32_8
Fredformer,336,Weather,0.001,128,5,0,100,type3,0.28349193930625916,0.30097562074661255,/mnt/tidalfs-bdsz01/usr/panlicheng/workspace/ProjDF-OT/results_OT/baselines/Fredformer_Weather_336_1.0_0.0_0.001_type3_100_5_128_16_3_8_32_8
Fredformer,720,Weather,0.001,128,5,0,100,type3,0.35765591263771057,0.34849968552589417,/mnt/tidalfs-bdsz01/usr/panlicheng/workspace/ProjDF-OT/results_OT/baselines/Fredformer_Weather_720_1.0_0.0_0.001_type3_100_5_128_16_3_8_32_8
MICN,96,ECL,0.0005,16,3,0,10,type1,0.1703472137451172,0.2812265455722809,/mnt/tidalfs-bdsz01/usr/panlicheng/workspace/ProjDF-OT/results_OT/baselines/MICN_ECL_96_1.0_0.0_0.0005_type1_10_3_16
MICN,192,ECL,0.0005,16,3,0,10,type1,0.18467238545417786,0.2974346876144409,/mnt/tidalfs-bdsz01/usr/panlicheng/workspace/ProjDF-OT/results_OT/baselines/MICN_ECL_192_1.0_0.0_0.0005_type1_10_3_16
MICN,336,ECL,0.0005,16,3,0,10,type1,0.18983127176761627,0.29795369505882263,/mnt/tidalfs-bdsz01/usr/panlicheng/workspace/ProjDF-OT/results_OT/baselines/MICN_ECL_336_1.0_0.0_0.0005_type1_10_3_16
MICN,720,ECL,0.0005,16,3,0,10,type1,0.22140437364578247,0.3294471204280853,/mnt/tidalfs-bdsz01/usr/panlicheng/workspace/ProjDF-OT/results_OT/baselines/MICN_ECL_720_1.0_0.0_0.0005_type1_10_3_16
MICN,96,ETTh1,0.0005,32,3,0,10,type1,0.3813273310661316,0.4160930812358856,/mnt/tidalfs-bdsz01/usr/panlicheng/workspace/ProjDF-OT/results_OT/baselines/MICN_ETTh1_96_1.0_0.0_0.0005_type1_10_3_32
MICN,192,ETTh1,0.0005,32,3,0,10,type1,0.49747219681739807,0.4885152280330658,/mnt/tidalfs-bdsz01/usr/panlicheng/workspace/ProjDF-OT/results_OT/baselines/MICN_ETTh1_192_1.0_0.0_0.0005_type1_10_3_32
MICN,336,ETTh1,0.0005,32,3,0,10,type1,0.5886313915252686,0.5552853941917419,/mnt/tidalfs-bdsz01/usr/panlicheng/workspace/ProjDF-OT/results_OT/baselines/MICN_ETTh1_336_1.0_0.0_0.0005_type1_10_3_32
MICN,720,ETTh1,0.0005,32,3,0,10,type1,0.6649391651153564,0.617056667804718,/mnt/tidalfs-bdsz01/usr/panlicheng/workspace/ProjDF-OT/results_OT/baselines/MICN_ETTh1_720_1.0_0.0_0.0005_type1_10_3_32
MICN,96,ETTh2,0.0005,32,3,0,10,type1,0.3509851396083832,0.3976043164730072,/mnt/tidalfs-bdsz01/usr/panlicheng/workspace/ProjDF-OT/results_OT/baselines/MICN_ETTh2_96_1.0_0.0_0.0005_type1_10_3_32
MICN,192,ETTh2,0.0005,32,3,0,10,type1,0.49232515692710876,0.48865944147109985,/mnt/tidalfs-bdsz01/usr/panlicheng/workspace/ProjDF-OT/results_OT/baselines/MICN_ETTh2_192_1.0_0.0_0.0005_type1_10_3_32
MICN,336,ETTh2,0.0005,32,3,0,10,type1,0.6559667587280273,0.5815703868865967,/mnt/tidalfs-bdsz01/usr/panlicheng/workspace/ProjDF-OT/results_OT/baselines/MICN_ETTh2_336_1.0_0.0_0.0005_type1_10_3_32
MICN,720,ETTh2,0.0005,32,3,0,10,type1,0.9806205630302429,0.7177400588989258,/mnt/tidalfs-bdsz01/usr/panlicheng/workspace/ProjDF-OT/results_OT/baselines/MICN_ETTh2_720_1.0_0.0_0.0005_type1_10_3_32
MICN,96,ETTm1,0.0005,32,3,0,10,type1,0.31946420669555664,0.36553481221199036,/mnt/tidalfs-bdsz01/usr/panlicheng/workspace/ProjDF-OT/results_OT/baselines/MICN_ETTm1_96_1.0_0.0_0.0005_type1_10_3_32
MICN,192,ETTm1,0.0005,32,3,0,10,type1,0.3643985688686371,0.39543986320495605,/mnt/tidalfs-bdsz01/usr/panlicheng/workspace/ProjDF-OT/results_OT/baselines/MICN_ETTm1_192_1.0_0.0_0.0005_type1_10_3_32
MICN,336,ETTm1,0.0005,32,3,0,10,type1,0.39525505900382996,0.42525714635849,/mnt/tidalfs-bdsz01/usr/panlicheng/workspace/ProjDF-OT/results_OT/baselines/MICN_ETTm1_336_1.0_0.0_0.0005_type1_10_3_32
MICN,720,ETTm1,0.0005,32,3,0,10,type1,0.5054510831832886,0.49878764152526855,/mnt/tidalfs-bdsz01/usr/panlicheng/workspace/ProjDF-OT/results_OT/baselines/MICN_ETTm1_720_1.0_0.0_0.0005_type1_10_3_32
MICN,96,ETTm2,0.0005,32,3,0,10,type1,0.17836609482765198,0.276881605386734,/mnt/tidalfs-bdsz01/usr/panlicheng/workspace/ProjDF-OT/results_OT/baselines/MICN_ETTm2_96_1.0_0.0_0.0005_type1_10_3_32
MICN,192,ETTm2,0.0005,32,3,0,10,type1,0.2661745846271515,0.34302660822868347,/mnt/tidalfs-bdsz01/usr/panlicheng/workspace/ProjDF-OT/results_OT/baselines/MICN_ETTm2_192_1.0_0.0_0.0005_type1_10_3_32
MICN,336,ETTm2,0.0005,32,3,0,10,type1,0.29886502027511597,0.35417670011520386,/mnt/tidalfs-bdsz01/usr/panlicheng/workspace/ProjDF-OT/results_OT/baselines/MICN_ETTm2_336_1.0_0.0_0.0005_type1_10_3_32
MICN,720,ETTm2,0.0005,32,3,0,10,type1,0.48932376503944397,0.4816148579120636,/mnt/tidalfs-bdsz01/usr/panlicheng/workspace/ProjDF-OT/results_OT/baselines/MICN_ETTm2_720_1.0_0.0_0.0005_type1_10_3_32
MICN,12,PEMS03,0.0005,32,3,0,10,type1,0.09617460519075394,0.21698173880577087,/mnt/tidalfs-bdsz01/usr/panlicheng/workspace/ProjDF-OT/results_OT/baselines/MICN_PEMS03_12_1.0_0.0_0.0005_type1_10_3_32
MICN,24,PEMS03,0.0005,32,3,0,10,type1,0.09486348927021027,0.20964324474334717,/mnt/tidalfs-bdsz01/usr/panlicheng/workspace/ProjDF-OT/results_OT/baselines/MICN_PEMS03_24_1.0_0.0_0.0005_type1_10_3_32
MICN,36,PEMS03,0.0005,32,3,0,10,type1,0.1069631353020668,0.22290627658367157,/mnt/tidalfs-bdsz01/usr/panlicheng/workspace/ProjDF-OT/results_OT/baselines/MICN_PEMS03_36_1.0_0.0_0.0005_type1_10_3_32
MICN,48,PEMS03,0.0005,32,3,0,10,type1,0.12482002377510071,0.24224494397640228,/mnt/tidalfs-bdsz01/usr/panlicheng/workspace/ProjDF-OT/results_OT/baselines/MICN_PEMS03_48_1.0_0.0_0.0005_type1_10_3_32
MICN,12,PEMS08,0.0005,32,3,0,10,type1,0.1610156148672104,0.27424922585487366,/mnt/tidalfs-bdsz01/usr/panlicheng/workspace/ProjDF-OT/results_OT/baselines/MICN_PEMS08_12_1.0_0.0_0.0005_type1_10_3_32
MICN,24,PEMS08,0.0005,32,3,0,10,type1,0.12663814425468445,0.236966073513031,/mnt/tidalfs-bdsz01/usr/panlicheng/workspace/ProjDF-OT/results_OT/baselines/MICN_PEMS08_24_1.0_0.0_0.0005_type1_10_3_32
MICN,36,PEMS08,0.0005,32,3,0,10,type1,0.14788872003555298,0.2521205544471741,/mnt/tidalfs-bdsz01/usr/panlicheng/workspace/ProjDF-OT/results_OT/baselines/MICN_PEMS08_36_1.0_0.0_0.0005_type1_10_3_32
MICN,48,PEMS08,0.0005,32,3,0,10,type1,0.1746285855770111,0.2696272134780884,/mnt/tidalfs-bdsz01/usr/panlicheng/workspace/ProjDF-OT/results_OT/baselines/MICN_PEMS08_48_1.0_0.0_0.0005_type1_10_3_32
MICN,96,Traffic,0.0005,8,3,0,10,type1,0.49846169352531433,0.2982580363750458,/mnt/tidalfs-bdsz01/usr/panlicheng/workspace/ProjDF-OT/results_OT/baselines/MICN_Traffic_96_1.0_0.0_0.0005_type1_10_3_8
MICN,192,Traffic,0.0005,8,3,0,10,type1,0.5206037759780884,0.30923324823379517,/mnt/tidalfs-bdsz01/usr/panlicheng/workspace/ProjDF-OT/results_OT/baselines/MICN_Traffic_192_1.0_0.0_0.0005_type1_10_3_8
MICN,336,Traffic,0.0005,8,3,0,10,type1,0.5294788479804993,0.3139732778072357,/mnt/tidalfs-bdsz01/usr/panlicheng/workspace/ProjDF-OT/results_OT/baselines/MICN_Traffic_336_1.0_0.0_0.0005_type1_10_3_8
MICN,720,Traffic,0.0005,8,3,0,10,type1,0.5672887563705444,0.32619810104370117,/mnt/tidalfs-bdsz01/usr/panlicheng/workspace/ProjDF-OT/results_OT/baselines/MICN_Traffic_720_1.0_0.0_0.0005_type1_10_3_8
MICN,96,Weather,0.0005,32,3,0,10,type1,0.17883847653865814,0.24420413374900818,/mnt/tidalfs-bdsz01/usr/panlicheng/workspace/ProjDF-OT/results_OT/baselines/MICN_Weather_96_1.0_0.0_0.0005_type1_10_3_32
MICN,192,Weather,0.0005,32,3,0,10,type1,0.24192006886005402,0.31006136536598206,/mnt/tidalfs-bdsz01/usr/panlicheng/workspace/ProjDF-OT/results_OT/baselines/MICN_Weather_192_1.0_0.0_0.0005_type1_10_3_32
MICN,336,Weather,0.0005,32,3,0,10,type1,0.27289626002311707,0.330183744430542,/mnt/tidalfs-bdsz01/usr/panlicheng/workspace/ProjDF-OT/results_OT/baselines/MICN_Weather_336_1.0_0.0_0.0005_type1_10_3_32
MICN,720,Weather,0.0005,32,3,0,10,type1,0.36034950613975525,0.39905959367752075,/mnt/tidalfs-bdsz01/usr/panlicheng/workspace/ProjDF-OT/results_OT/baselines/MICN_Weather_720_1.0_0.0_0.0005_type1_10_3_32
PDF,96,ECL,0.0005,16,10,0,100,type1,0.1754167675971985,0.25934678316116333,/mnt/tidalfs-bdsz01/usr/panlicheng/workspace/ProjDF-OT/results_OT/baselines/PDF_ECL_96_1.0_0.0_0.0005_type1_100_10_16
PDF,192,ECL,0.0005,16,10,0,100,type1,0.1817215234041214,0.26592716574668884,/mnt/tidalfs-bdsz01/usr/panlicheng/workspace/ProjDF-OT/results_OT/baselines/PDF_ECL_192_1.0_0.0_0.0005_type1_100_10_16
PDF,336,ECL,0.0005,16,10,0,100,type1,0.197201207280159,0.28197914361953735,/mnt/tidalfs-bdsz01/usr/panlicheng/workspace/ProjDF-OT/results_OT/baselines/PDF_ECL_336_1.0_0.0_0.0005_type1_100_10_16
PDF,720,ECL,0.0005,16,10,0,100,type1,0.23740413784980774,0.31533125042915344,/mnt/tidalfs-bdsz01/usr/panlicheng/workspace/ProjDF-OT/results_OT/baselines/PDF_ECL_720_1.0_0.0_0.0005_type1_100_10_16
PDF,96,ETTh1,0.0005,32,10,0,100,type1,0.3880675435066223,0.40012219548225403,/mnt/tidalfs-bdsz01/usr/panlicheng/workspace/ProjDF-OT/results_OT/baselines/PDF_ETTh1_96_1.0_0.0_0.0005_type1_100_10_32
PDF,192,ETTh1,0.0005,32,10,0,100,type1,0.44035038352012634,0.4281459450721741,/mnt/tidalfs-bdsz01/usr/panlicheng/workspace/ProjDF-OT/results_OT/baselines/PDF_ETTh1_192_1.0_0.0_0.0005_type1_100_10_32
PDF,336,ETTh1,0.0005,32,10,0,100,type1,0.48325347900390625,0.44876188039779663,/mnt/tidalfs-bdsz01/usr/panlicheng/workspace/ProjDF-OT/results_OT/baselines/PDF_ETTh1_336_1.0_0.0_0.0005_type1_100_10_32
PDF,720,ETTh1,0.0005,32,10,0,100,type1,0.49500828981399536,0.4815548360347748,/mnt/tidalfs-bdsz01/usr/panlicheng/workspace/ProjDF-OT/results_OT/baselines/PDF_ETTh1_720_1.0_0.0_0.0005_type1_100_10_32
PDF,96,ETTh2,0.0005,32,10,0,100,type1,0.2907836139202118,0.3400322198867798,/mnt/tidalfs-bdsz01/usr/panlicheng/workspace/ProjDF-OT/results_OT/baselines/PDF_ETTh2_96_1.0_0.0_0.0005_type1_100_10_32
PDF,192,ETTh2,0.0005,32,10,0,100,type1,0.37434831261634827,0.39074283838272095,/mnt/tidalfs-bdsz01/usr/panlicheng/workspace/ProjDF-OT/results_OT/baselines/PDF_ETTh2_192_1.0_0.0_0.0005_type1_100_10_32
PDF,336,ETTh2,0.0005,32,10,0,100,type1,0.4139719009399414,0.42585158348083496,/mnt/tidalfs-bdsz01/usr/panlicheng/workspace/ProjDF-OT/results_OT/baselines/PDF_ETTh2_336_1.0_0.0_0.0005_type1_100_10_32
PDF,720,ETTh2,0.0005,32,10,0,100,type1,0.42108941078186035,0.43989297747612,/mnt/tidalfs-bdsz01/usr/panlicheng/workspace/ProjDF-OT/results_OT/baselines/PDF_ETTh2_720_1.0_0.0_0.0005_type1_100_10_32
PDF,96,ETTm1,0.0005,32,10,0,100,type1,0.32623404264450073,0.3633556663990021,/mnt/tidalfs-bdsz01/usr/panlicheng/workspace/ProjDF-OT/results_OT/baselines/PDF_ETTm1_96_1.0_0.0_0.0005_type1_100_10_32
PDF,192,ETTm1,0.0005,32,10,0,100,type1,0.36481744050979614,0.3811361789703369,/mnt/tidalfs-bdsz01/usr/panlicheng/workspace/ProjDF-OT/results_OT/baselines/PDF_ETTm1_192_1.0_0.0_0.0005_type1_100_10_32
PDF,336,ETTm1,0.0005,32,10,0,100,type1,0.39663946628570557,0.40211227536201477,/mnt/tidalfs-bdsz01/usr/panlicheng/workspace/ProjDF-OT/results_OT/baselines/PDF_ETTm1_336_1.0_0.0_0.0005_type1_100_10_32
PDF,720,ETTm1,0.0005,32,10,0,100,type1,0.4583698809146881,0.43732157349586487,/mnt/tidalfs-bdsz01/usr/panlicheng/workspace/ProjDF-OT/results_OT/baselines/PDF_ETTm1_720_1.0_0.0_0.0005_type1_100_10_32
PDF,96,ETTm2,0.0005,32,10,0,100,type1,0.1761680543422699,0.26364725828170776,/mnt/tidalfs-bdsz01/usr/panlicheng/workspace/ProjDF-OT/results_OT/baselines/PDF_ETTm2_96_1.0_0.0_0.0005_type1_100_10_32
PDF,192,ETTm2,0.0005,32,10,0,100,type1,0.24515825510025024,0.3101990818977356,/mnt/tidalfs-bdsz01/usr/panlicheng/workspace/ProjDF-OT/results_OT/baselines/PDF_ETTm2_192_1.0_0.0_0.0005_type1_100_10_32
PDF,336,ETTm2,0.0005,32,10,0,100,type1,0.3054906129837036,0.3451518714427948,/mnt/tidalfs-bdsz01/usr/panlicheng/workspace/ProjDF-OT/results_OT/baselines/PDF_ETTm2_336_1.0_0.0_0.0005_type1_100_10_32
PDF,720,ETTm2,0.0005,32,10,0,100,type1,0.40395909547805786,0.40324145555496216,/mnt/tidalfs-bdsz01/usr/panlicheng/workspace/ProjDF-OT/results_OT/baselines/PDF_ETTm2_720_1.0_0.0_0.0005_type1_100_10_32
PDF,12,PEMS03,0.0005,32,10,0,100,type1,0.09164489805698395,0.20427070558071136,/mnt/tidalfs-bdsz01/usr/panlicheng/workspace/ProjDF-OT/results_OT/baselines/PDF_PEMS03_12_1.0_0.0_0.0005_type1_100_10_32
PDF,24,PEMS03,0.0005,32,10,0,100,type1,0.14869621396064758,0.26092690229415894,/mnt/tidalfs-bdsz01/usr/panlicheng/workspace/ProjDF-OT/results_OT/baselines/PDF_PEMS03_24_1.0_0.0_0.0005_type1_100_10_32
PDF,36,PEMS03,0.0005,32,10,0,100,type1,0.21009451150894165,0.31370455026626587,/mnt/tidalfs-bdsz01/usr/panlicheng/workspace/ProjDF-OT/results_OT/baselines/PDF_PEMS03_36_1.0_0.0_0.0005_type1_100_10_32
PDF,48,PEMS03,0.0005,32,10,0,100,type1,0.27483177185058594,0.36425960063934326,/mnt/tidalfs-bdsz01/usr/panlicheng/workspace/ProjDF-OT/results_OT/baselines/PDF_PEMS03_48_1.0_0.0_0.0005_type1_100_10_32
PDF,12,PEMS08,0.0005,32,10,0,100,type1,0.09984680265188217,0.2086610347032547,/mnt/tidalfs-bdsz01/usr/panlicheng/workspace/ProjDF-OT/results_OT/baselines/PDF_PEMS08_12_1.0_0.0_0.0005_type1_100_10_32
PDF,24,PEMS08,0.0005,32,10,0,100,type1,0.1676972210407257,0.2727867364883423,/mnt/tidalfs-bdsz01/usr/panlicheng/workspace/ProjDF-OT/results_OT/baselines/PDF_PEMS08_24_1.0_0.0_0.0005_type1_100_10_32
PDF,36,PEMS08,0.0005,32,10,0,100,type1,0.24445520341396332,0.333302766084671,/mnt/tidalfs-bdsz01/usr/panlicheng/workspace/ProjDF-OT/results_OT/baselines/PDF_PEMS08_36_1.0_0.0_0.0005_type1_100_10_32
PDF,48,PEMS08,0.0005,32,10,0,100,type1,0.3274146318435669,0.38897258043289185,/mnt/tidalfs-bdsz01/usr/panlicheng/workspace/ProjDF-OT/results_OT/baselines/PDF_PEMS08_48_1.0_0.0_0.0005_type1_100_10_32
PDF,96,Traffic,0.0005,32,10,0,100,TST,0.42204558849334717,0.2695072591304779,/mnt/tidalfs-bdsz01/usr/panlicheng/workspace/ProjDF-OT/results_OT/baselines/PDF_Traffic_96_1.0_0.0_0.0005_TST_100_10_32
PDF,192,Traffic,0.0005,32,10,0,100,TST,0.43488720059394836,0.27367475628852844,/mnt/tidalfs-bdsz01/usr/panlicheng/workspace/ProjDF-OT/results_OT/baselines/PDF_Traffic_192_1.0_0.0_0.0005_TST_100_10_32
PDF,336,Traffic,0.0005,32,10,0,100,TST,0.4501413106918335,0.28132519125938416,/mnt/tidalfs-bdsz01/usr/panlicheng/workspace/ProjDF-OT/results_OT/baselines/PDF_Traffic_336_1.0_0.0_0.0005_TST_100_10_32
PDF,720,Traffic,0.0005,32,10,0,100,TST,0.4811214208602905,0.29931876063346863,/mnt/tidalfs-bdsz01/usr/panlicheng/workspace/ProjDF-OT/results_OT/baselines/PDF_Traffic_720_1.0_0.0_0.0005_TST_100_10_32
PDF,96,Weather,0.0005,32,10,0,100,type1,0.1811402589082718,0.22125060856342316,/mnt/tidalfs-bdsz01/usr/panlicheng/workspace/ProjDF-OT/results_OT/baselines/PDF_Weather_96_1.0_0.0_0.0005_type1_100_10_32
PDF,192,Weather,0.0005,32,10,0,100,type1,0.23152466118335724,0.26229381561279297,/mnt/tidalfs-bdsz01/usr/panlicheng/workspace/ProjDF-OT/results_OT/baselines/PDF_Weather_192_1.0_0.0_0.0005_type1_100_10_32
PDF,336,Weather,0.0005,32,10,0,100,type1,0.2852253019809723,0.29999250173568726,/mnt/tidalfs-bdsz01/usr/panlicheng/workspace/ProjDF-OT/results_OT/baselines/PDF_Weather_336_1.0_0.0_0.0005_type1_100_10_32
PDF,720,Weather,0.0005,32,10,0,100,type1,0.36023151874542236,0.3483778238296509,/mnt/tidalfs-bdsz01/usr/panlicheng/workspace/ProjDF-OT/results_OT/baselines/PDF_Weather_720_1.0_0.0_0.0005_type1_100_10_32
PatchTST,96,ECL,0.0005,16,3,0,10,type1,0.1697198897600174,0.263820618391037,/mnt/tidalfs-bdsz01/usr/panlicheng/workspace/ProjDF-OT/results_OT/baselines/PatchTST_ECL_96_1.0_0.0_0.0005_type1_10_3_16
PatchTST,192,ECL,0.0005,16,3,0,10,type1,0.17912542819976807,0.2730642259120941,/mnt/tidalfs-bdsz01/usr/panlicheng/workspace/ProjDF-OT/results_OT/baselines/PatchTST_ECL_192_1.0_0.0_0.0005_type1_10_3_16
PatchTST,336,ECL,0.0005,16,3,0,10,type1,0.19499054551124573,0.28772789239883423,/mnt/tidalfs-bdsz01/usr/panlicheng/workspace/ProjDF-OT/results_OT/baselines/PatchTST_ECL_336_1.0_0.0_0.0005_type1_10_3_16
PatchTST,720,ECL,0.0005,16,3,0,10,type1,0.23430965840816498,0.31962233781814575,/mnt/tidalfs-bdsz01/usr/panlicheng/workspace/ProjDF-OT/results_OT/baselines/PatchTST_ECL_720_1.0_0.0_0.0005_type1_10_3_16
PatchTST,96,ETTh1,0.0005,32,3,0,10,type1,0.38069456815719604,0.4001479148864746,/mnt/tidalfs-bdsz01/usr/panlicheng/workspace/ProjDF-OT/results_OT/baselines/PatchTST_ETTh1_96_1.0_0.0_0.0005_type1_10_3_32
PatchTST,192,ETTh1,0.0005,32,3,0,10,type1,0.4497031271457672,0.4427497088909149,/mnt/tidalfs-bdsz01/usr/panlicheng/workspace/ProjDF-OT/results_OT/baselines/PatchTST_ETTh1_192_1.0_0.0_0.0005_type1_10_3_32
PatchTST,336,ETTh1,0.0005,32,3,0,10,type1,0.500856339931488,0.4700343608856201,/mnt/tidalfs-bdsz01/usr/panlicheng/workspace/ProjDF-OT/results_OT/baselines/PatchTST_ETTh1_336_1.0_0.0_0.0005_type1_10_3_32
PatchTST,720,ETTh1,0.0005,32,3,0,10,type1,0.5041138529777527,0.49228647351264954,/mnt/tidalfs-bdsz01/usr/panlicheng/workspace/ProjDF-OT/results_OT/baselines/PatchTST_ETTh1_720_1.0_0.0_0.0005_type1_10_3_32
PatchTST,96,ETTh2,0.0005,32,3,0,10,type1,0.2989613115787506,0.3493850827217102,/mnt/tidalfs-bdsz01/usr/panlicheng/workspace/ProjDF-OT/results_OT/baselines/PatchTST_ETTh2_96_1.0_0.0_0.0005_type1_10_3_32
PatchTST,192,ETTh2,0.0005,32,3,0,10,type1,0.3827761709690094,0.4036767780780792,/mnt/tidalfs-bdsz01/usr/panlicheng/workspace/ProjDF-OT/results_OT/baselines/PatchTST_ETTh2_192_1.0_0.0_0.0005_type1_10_3_32
PatchTST,336,ETTh2,0.0005,32,3,0,10,type1,0.4389190673828125,0.4438149631023407,/mnt/tidalfs-bdsz01/usr/panlicheng/workspace/ProjDF-OT/results_OT/baselines/PatchTST_ETTh2_336_1.0_0.0_0.0005_type1_10_3_32
PatchTST,720,ETTh2,0.0005,32,3,0,10,type1,0.4378831088542938,0.45528772473335266,/mnt/tidalfs-bdsz01/usr/panlicheng/workspace/ProjDF-OT/results_OT/baselines/PatchTST_ETTh2_720_1.0_0.0_0.0005_type1_10_3_32
PatchTST,96,ETTm1,0.0005,32,3,0,10,type1,0.32462024688720703,0.3636261820793152,/mnt/tidalfs-bdsz01/usr/panlicheng/workspace/ProjDF-OT/results_OT/baselines/PatchTST_ETTm1_96_1.0_0.0_0.0005_type1_10_3_32
PatchTST,192,ETTm1,0.0005,32,3,0,10,type1,0.36320868134498596,0.38291239738464355,/mnt/tidalfs-bdsz01/usr/panlicheng/workspace/ProjDF-OT/results_OT/baselines/PatchTST_ETTm1_192_1.0_0.0_0.0005_type1_10_3_32
PatchTST,336,ETTm1,0.0005,32,3,0,10,type1,0.4040658175945282,0.41301268339157104,/mnt/tidalfs-bdsz01/usr/panlicheng/workspace/ProjDF-OT/results_OT/baselines/PatchTST_ETTm1_336_1.0_0.0_0.0005_type1_10_3_32
PatchTST,720,ETTm1,0.0005,32,3,0,10,type1,0.4633171260356903,0.4423321485519409,/mnt/tidalfs-bdsz01/usr/panlicheng/workspace/ProjDF-OT/results_OT/baselines/PatchTST_ETTm1_720_1.0_0.0_0.0005_type1_10_3_32
PatchTST,96,ETTm2,0.0005,32,3,0,10,type1,0.18034471571445465,0.26627156138420105,/mnt/tidalfs-bdsz01/usr/panlicheng/workspace/ProjDF-OT/results_OT/baselines/PatchTST_ETTm2_96_1.0_0.0_0.0005_type1_10_3_32
PatchTST,192,ETTm2,0.0005,32,3,0,10,type1,0.28545501828193665,0.3386649489402771,/mnt/tidalfs-bdsz01/usr/panlicheng/workspace/ProjDF-OT/results_OT/baselines/PatchTST_ETTm2_192_1.0_0.0_0.0005_type1_10_3_32
PatchTST,336,ETTm2,0.0005,32,3,0,10,type1,0.3086463212966919,0.3474346399307251,/mnt/tidalfs-bdsz01/usr/panlicheng/workspace/ProjDF-OT/results_OT/baselines/PatchTST_ETTm2_336_1.0_0.0_0.0005_type1_10_3_32
PatchTST,720,ETTm2,0.0005,32,3,0,10,type1,0.4366227984428406,0.4216654896736145,/mnt/tidalfs-bdsz01/usr/panlicheng/workspace/ProjDF-OT/results_OT/baselines/PatchTST_ETTm2_720_1.0_0.0_0.0005_type1_10_3_32
PatchTST,12,PEMS03,0.0005,32,3,0,10,type1,0.09226299822330475,0.2098618894815445,/mnt/tidalfs-bdsz01/usr/panlicheng/workspace/ProjDF-OT/results_OT/baselines/PatchTST_PEMS03_12_1.0_0.0_0.0005_type1_10_3_32
PatchTST,24,PEMS03,0.0005,32,3,0,10,type1,0.14439818263053894,0.26272818446159363,/mnt/tidalfs-bdsz01/usr/panlicheng/workspace/ProjDF-OT/results_OT/baselines/PatchTST_PEMS03_24_1.0_0.0_0.0005_type1_10_3_32
PatchTST,36,PEMS03,0.0005,32,3,0,10,type1,0.20040729641914368,0.3092537522315979,/mnt/tidalfs-bdsz01/usr/panlicheng/workspace/ProjDF-OT/results_OT/baselines/PatchTST_PEMS03_36_1.0_0.0_0.0005_type1_10_3_32
PatchTST,48,PEMS03,0.0005,32,3,0,10,type1,0.2445783168077469,0.34449005126953125,/mnt/tidalfs-bdsz01/usr/panlicheng/workspace/ProjDF-OT/results_OT/baselines/PatchTST_PEMS03_48_1.0_0.0_0.0005_type1_10_3_32
PatchTST,12,PEMS08,0.0005,32,3,0,10,type1,0.10611502826213837,0.2227720320224762,/mnt/tidalfs-bdsz01/usr/panlicheng/workspace/ProjDF-OT/results_OT/baselines/PatchTST_PEMS08_12_1.0_0.0_0.0005_type1_10_3_32
PatchTST,24,PEMS08,0.0005,32,3,0,10,type1,0.16194745898246765,0.27548444271087646,/mnt/tidalfs-bdsz01/usr/panlicheng/workspace/ProjDF-OT/results_OT/baselines/PatchTST_PEMS08_24_1.0_0.0_0.0005_type1_10_3_32
PatchTST,36,PEMS08,0.0005,32,3,0,10,type1,0.23372438549995422,0.3305168151855469,/mnt/tidalfs-bdsz01/usr/panlicheng/workspace/ProjDF-OT/results_OT/baselines/PatchTST_PEMS08_36_1.0_0.0_0.0005_type1_10_3_32
PatchTST,48,PEMS08,0.0005,32,3,0,10,type1,0.30115845799446106,0.38204240798950195,/mnt/tidalfs-bdsz01/usr/panlicheng/workspace/ProjDF-OT/results_OT/baselines/PatchTST_PEMS08_48_1.0_0.0_0.0005_type1_10_3_32
PatchTST,96,Traffic,0.0005,8,3,0,10,type1,0.44377681612968445,0.283574640750885,/mnt/tidalfs-bdsz01/usr/panlicheng/workspace/ProjDF-OT/results_OT/baselines/PatchTST_Traffic_96_1.0_0.0_0.0005_type1_10_3_8
PatchTST,192,Traffic,0.0005,8,3,0,10,type1,0.45428696274757385,0.2910054624080658,/mnt/tidalfs-bdsz01/usr/panlicheng/workspace/ProjDF-OT/results_OT/baselines/PatchTST_Traffic_192_1.0_0.0_0.0005_type1_10_3_8
PatchTST,336,Traffic,0.0005,8,3,0,10,type1,0.4693455398082733,0.29812759160995483,/mnt/tidalfs-bdsz01/usr/panlicheng/workspace/ProjDF-OT/results_OT/baselines/PatchTST_Traffic_336_1.0_0.0_0.0005_type1_10_3_8
PatchTST,720,Traffic,0.0005,8,3,0,10,type1,0.5059354901313782,0.319156289100647,/mnt/tidalfs-bdsz01/usr/panlicheng/workspace/ProjDF-OT/results_OT/baselines/PatchTST_Traffic_720_1.0_0.0_0.0005_type1_10_3_8
PatchTST,96,Weather,0.0005,32,3,0,3,type1,0.18880930542945862,0.23040111362934113,/mnt/tidalfs-bdsz01/usr/panlicheng/workspace/ProjDF-OT/results_OT/baselines/PatchTST_Weather_96_1.0_0.0_0.0005_type1_3_3_32
PatchTST,192,Weather,0.0005,32,3,0,3,type1,0.22792987525463104,0.261805921792984,/mnt/tidalfs-bdsz01/usr/panlicheng/workspace/ProjDF-OT/results_OT/baselines/PatchTST_Weather_192_1.0_0.0_0.0005_type1_3_3_32
PatchTST,336,Weather,0.0005,32,3,0,3,type1,0.28829795122146606,0.30459898710250854,/mnt/tidalfs-bdsz01/usr/panlicheng/workspace/ProjDF-OT/results_OT/baselines/PatchTST_Weather_336_1.0_0.0_0.0005_type1_3_3_32
PatchTST,720,Weather,0.0005,32,3,0,3,type1,0.36215218901634216,0.3537575900554657,/mnt/tidalfs-bdsz01/usr/panlicheng/workspace/ProjDF-OT/results_OT/baselines/PatchTST_Weather_720_1.0_0.0_0.0005_type1_3_3_32
TCN,96,ECL,0.0005,32,3,0,10,type1,0.6802469491958618,0.6165120601654053,/mnt/tidalfs-bdsz01/usr/panlicheng/workspace/ProjDF-OT/results_OT/baselines/TCN_ECL_96_1.0_0.0_0.0005_type1_10_3_32
TCN,192,ECL,0.0005,32,3,0,10,type1,0.5795797109603882,0.5742365121841431,/mnt/tidalfs-bdsz01/usr/panlicheng/workspace/ProjDF-OT/results_OT/baselines/TCN_ECL_192_1.0_0.0_0.0005_type1_10_3_32
TCN,336,ECL,0.0005,32,3,0,10,type1,0.5839542746543884,0.5820049047470093,/mnt/tidalfs-bdsz01/usr/panlicheng/workspace/ProjDF-OT/results_OT/baselines/TCN_ECL_336_1.0_0.0_0.0005_type1_10_3_32
TCN,720,ECL,0.0005,32,3,0,10,type1,0.5996472239494324,0.5979772210121155,/mnt/tidalfs-bdsz01/usr/panlicheng/workspace/ProjDF-OT/results_OT/baselines/TCN_ECL_720_1.0_0.0_0.0005_type1_10_3_32
TCN,96,ETTh1,0.0005,32,3,0,10,type1,0.9517641663551331,0.6545823216438293,/mnt/tidalfs-bdsz01/usr/panlicheng/workspace/ProjDF-OT/results_OT/baselines/TCN_ETTh1_96_1.0_0.0_0.0005_type1_10_3_32
TCN,192,ETTh1,0.0005,32,3,0,10,type1,0.8777918815612793,0.6354193687438965,/mnt/tidalfs-bdsz01/usr/panlicheng/workspace/ProjDF-OT/results_OT/baselines/TCN_ETTh1_192_1.0_0.0_0.0005_type1_10_3_32
TCN,336,ETTh1,0.0005,32,3,0,10,type1,0.8898437023162842,0.6480063199996948,/mnt/tidalfs-bdsz01/usr/panlicheng/workspace/ProjDF-OT/results_OT/baselines/TCN_ETTh1_336_1.0_0.0_0.0005_type1_10_3_32
TCN,720,ETTh1,0.0005,32,3,0,10,type1,0.910952627658844,0.674663245677948,/mnt/tidalfs-bdsz01/usr/panlicheng/workspace/ProjDF-OT/results_OT/baselines/TCN_ETTh1_720_1.0_0.0_0.0005_type1_10_3_32
TCN,96,ETTh2,0.0005,32,3,0,10,type1,3.1684823036193848,1.3625833988189697,/mnt/tidalfs-bdsz01/usr/panlicheng/workspace/ProjDF-OT/results_OT/baselines/TCN_ETTh2_96_1.0_0.0_0.0005_type1_10_3_32
TCN,192,ETTh2,0.0005,32,3,0,10,type1,3.396996259689331,1.4707438945770264,/mnt/tidalfs-bdsz01/usr/panlicheng/workspace/ProjDF-OT/results_OT/baselines/TCN_ETTh2_192_1.0_0.0_0.0005_type1_10_3_32
TCN,336,ETTh2,0.0005,32,3,0,10,type1,3.6274313926696777,1.5567357540130615,/mnt/tidalfs-bdsz01/usr/panlicheng/workspace/ProjDF-OT/results_OT/baselines/TCN_ETTh2_336_1.0_0.0_0.0005_type1_10_3_32
TCN,720,ETTh2,0.0005,32,3,0,10,type1,3.6691203117370605,1.5758424997329712,/mnt/tidalfs-bdsz01/usr/panlicheng/workspace/ProjDF-OT/results_OT/baselines/TCN_ETTh2_720_1.0_0.0_0.0005_type1_10_3_32
TCN,96,ETTm1,0.0005,32,3,0,10,type1,0.8868319392204285,0.6133081912994385,/mnt/tidalfs-bdsz01/usr/panlicheng/workspace/ProjDF-OT/results_OT/baselines/TCN_ETTm1_96_1.0_0.0_0.0005_type1_10_3_32
TCN,192,ETTm1,0.0005,32,3,0,10,type1,0.8753314018249512,0.6258507966995239,/mnt/tidalfs-bdsz01/usr/panlicheng/workspace/ProjDF-OT/results_OT/baselines/TCN_ETTm1_192_1.0_0.0_0.0005_type1_10_3_32
TCN,336,ETTm1,0.0005,32,3,0,10,type1,0.888827919960022,0.6356278657913208,/mnt/tidalfs-bdsz01/usr/panlicheng/workspace/ProjDF-OT/results_OT/baselines/TCN_ETTm1_336_1.0_0.0_0.0005_type1_10_3_32
TCN,720,ETTm1,0.0005,32,3,0,10,type1,0.9053728580474854,0.6494680643081665,/mnt/tidalfs-bdsz01/usr/panlicheng/workspace/ProjDF-OT/results_OT/baselines/TCN_ETTm1_720_1.0_0.0_0.0005_type1_10_3_32
TCN,96,ETTm2,0.0005,32,3,0,10,type1,3.1244912147521973,1.344849944114685,/mnt/tidalfs-bdsz01/usr/panlicheng/workspace/ProjDF-OT/results_OT/baselines/TCN_ETTm2_96_1.0_0.0_0.0005_type1_10_3_32
TCN,192,ETTm2,0.0005,32,3,0,10,type1,3.1339926719665527,1.3498327732086182,/mnt/tidalfs-bdsz01/usr/panlicheng/workspace/ProjDF-OT/results_OT/baselines/TCN_ETTm2_192_1.0_0.0_0.0005_type1_10_3_32
TCN,336,ETTm2,0.0005,32,3,0,10,type1,3.3893163204193115,1.4266937971115112,/mnt/tidalfs-bdsz01/usr/panlicheng/workspace/ProjDF-OT/results_OT/baselines/TCN_ETTm2_336_1.0_0.0_0.0005_type1_10_3_32
TCN,720,ETTm2,0.0005,32,3,0,10,type1,4.462837219238281,1.706752061843872,/mnt/tidalfs-bdsz01/usr/panlicheng/workspace/ProjDF-OT/results_OT/baselines/TCN_ETTm2_720_1.0_0.0_0.0005_type1_10_3_32
TCN,12,PEMS03,0.0005,32,3,0,10,type1,0.6185271739959717,0.5928852558135986,/mnt/tidalfs-bdsz01/usr/panlicheng/workspace/ProjDF-OT/results_OT/baselines/TCN_PEMS03_12_1.0_0.0_0.0005_type1_10_3_32
TCN,24,PEMS03,0.0005,32,3,0,10,type1,0.6436527967453003,0.6159156560897827,/mnt/tidalfs-bdsz01/usr/panlicheng/workspace/ProjDF-OT/results_OT/baselines/TCN_PEMS03_24_1.0_0.0_0.0005_type1_10_3_32
TCN,36,PEMS03,0.0005,32,3,0,10,type1,0.6677471995353699,0.6353931427001953,/mnt/tidalfs-bdsz01/usr/panlicheng/workspace/ProjDF-OT/results_OT/baselines/TCN_PEMS03_36_1.0_0.0_0.0005_type1_10_3_32
TCN,48,PEMS03,0.0005,32,3,0,10,type1,0.6855035424232483,0.64826500415802,/mnt/tidalfs-bdsz01/usr/panlicheng/workspace/ProjDF-OT/results_OT/baselines/TCN_PEMS03_48_1.0_0.0_0.0005_type1_10_3_32
TCN,12,PEMS08,0.0005,32,3,0,10,type1,0.6549205780029297,0.5847071409225464,/mnt/tidalfs-bdsz01/usr/panlicheng/workspace/ProjDF-OT/results_OT/baselines/TCN_PEMS08_12_1.0_0.0_0.0005_type1_10_3_32
TCN,24,PEMS08,0.0005,32,3,0,10,type1,0.6824782490730286,0.6068865656852722,/mnt/tidalfs-bdsz01/usr/panlicheng/workspace/ProjDF-OT/results_OT/baselines/TCN_PEMS08_24_1.0_0.0_0.0005_type1_10_3_32
TCN,36,PEMS08,0.0005,32,3,0,10,type1,0.7134763598442078,0.6274927258491516,/mnt/tidalfs-bdsz01/usr/panlicheng/workspace/ProjDF-OT/results_OT/baselines/TCN_PEMS08_36_1.0_0.0_0.0005_type1_10_3_32
TCN,48,PEMS08,0.0005,32,3,0,10,type1,0.7262308597564697,0.6346412301063538,/mnt/tidalfs-bdsz01/usr/panlicheng/workspace/ProjDF-OT/results_OT/baselines/TCN_PEMS08_48_1.0_0.0_0.0005_type1_10_3_32
TCN,96,Traffic,0.0005,4,3,0,3,type1,1.3927587270736694,0.7267028093338013,/mnt/tidalfs-bdsz01/usr/panlicheng/workspace/ProjDF-OT/results_OT/baselines/TCN_Traffic_96_1.0_0.0_0.0005_type1_3_3_4
TCN,192,Traffic,0.0005,4,3,0,3,type1,0.8029748201370239,0.6003742814064026,/mnt/tidalfs-bdsz01/usr/panlicheng/workspace/ProjDF-OT/results_OT/baselines/TCN_Traffic_192_1.0_0.0_0.0005_type1_3_3_4
TCN,336,Traffic,0.0005,4,3,0,3,type1,0.8173587918281555,0.6048442125320435,/mnt/tidalfs-bdsz01/usr/panlicheng/workspace/ProjDF-OT/results_OT/baselines/TCN_Traffic_336_1.0_0.0_0.0005_type1_3_3_4
TCN,720,Traffic,0.0005,4,3,0,3,type1,0.8586152791976929,0.6189253926277161,/mnt/tidalfs-bdsz01/usr/panlicheng/workspace/ProjDF-OT/results_OT/baselines/TCN_Traffic_720_1.0_0.0_0.0005_type1_3_3_4
TCN,96,Weather,0.0005,32,3,0,10,type1,0.6083328723907471,0.5659036636352539,/mnt/tidalfs-bdsz01/usr/panlicheng/workspace/ProjDF-OT/results_OT/baselines/TCN_Weather_96_1.0_0.0_0.0005_type1_10_3_32
TCN,192,Weather,0.0005,32,3,0,10,type1,0.541346549987793,0.551634669303894,/mnt/tidalfs-bdsz01/usr/panlicheng/workspace/ProjDF-OT/results_OT/baselines/TCN_Weather_192_1.0_0.0_0.0005_type1_10_3_32
TCN,336,Weather,0.0005,32,3,0,10,type1,0.5667152404785156,0.5686820149421692,/mnt/tidalfs-bdsz01/usr/panlicheng/workspace/ProjDF-OT/results_OT/baselines/TCN_Weather_336_1.0_0.0_0.0005_type1_10_3_32
TCN,720,Weather,0.0005,32,3,0,10,type1,0.6133827567100525,0.5971323251724243,/mnt/tidalfs-bdsz01/usr/panlicheng/workspace/ProjDF-OT/results_OT/baselines/TCN_Weather_720_1.0_0.0_0.0005_type1_10_3_32
TQNet,96,ECL,0.0005,16,5,0,30,type1,0.1434556096792221,0.23735399544239044,/mnt/tidalfs-bdsz01/usr/panlicheng/workspace/ProjDF-OT/results_OT/baselines/TQNet_ECL_96_1.0_0.0_0.0005_type1_30_5_16
TQNet,192,ECL,0.0005,16,5,0,30,type1,0.16064101457595825,0.2520805895328522,/mnt/tidalfs-bdsz01/usr/panlicheng/workspace/ProjDF-OT/results_OT/baselines/TQNet_ECL_192_1.0_0.0_0.0005_type1_30_5_16
TQNet,336,ECL,0.0005,16,5,0,30,type1,0.17823830246925354,0.26970332860946655,/mnt/tidalfs-bdsz01/usr/panlicheng/workspace/ProjDF-OT/results_OT/baselines/TQNet_ECL_336_1.0_0.0_0.0005_type1_30_5_16
TQNet,720,ECL,0.0005,16,5,0,30,type1,0.21762946248054504,0.3026959002017975,/mnt/tidalfs-bdsz01/usr/panlicheng/workspace/ProjDF-OT/results_OT/baselines/TQNet_ECL_720_1.0_0.0_0.0005_type1_30_5_16
TQNet,96,ETTh1,0.0005,32,5,0,30,type1,0.37200725078582764,0.39143994450569153,/mnt/tidalfs-bdsz01/usr/panlicheng/workspace/ProjDF-OT/results_OT/baselines/TQNet_ETTh1_96_1.0_0.0_0.0005_type1_30_5_32
TQNet,192,ETTh1,0.0005,32,5,0,30,type1,0.43049758672714233,0.42417293787002563,/mnt/tidalfs-bdsz01/usr/panlicheng/workspace/ProjDF-OT/results_OT/baselines/TQNet_ETTh1_192_1.0_0.0_0.0005_type1_30_5_32
TQNet,336,ETTh1,0.0005,32,5,0,30,type1,0.48626241087913513,0.45441997051239014,/mnt/tidalfs-bdsz01/usr/panlicheng/workspace/ProjDF-OT/results_OT/baselines/TQNet_ETTh1_336_1.0_0.0_0.0005_type1_30_5_32
TQNet,720,ETTh1,0.0005,32,5,0,30,type1,0.5068315267562866,0.48593080043792725,/mnt/tidalfs-bdsz01/usr/panlicheng/workspace/ProjDF-OT/results_OT/baselines/TQNet_ETTh1_720_1.0_0.0_0.0005_type1_30_5_32
TQNet,96,ETTh2,0.0005,32,5,0,30,type1,0.2933729588985443,0.3426649868488312,/mnt/tidalfs-bdsz01/usr/panlicheng/workspace/ProjDF-OT/results_OT/baselines/TQNet_ETTh2_96_1.0_0.0_0.0005_type1_30_5_32
TQNet,192,ETTh2,0.0005,32,5,0,30,type1,0.3636947572231293,0.39039063453674316,/mnt/tidalfs-bdsz01/usr/panlicheng/workspace/ProjDF-OT/results_OT/baselines/TQNet_ETTh2_192_1.0_0.0_0.0005_type1_30_5_32
TQNet,336,ETTh2,0.0005,32,5,0,30,type1,0.41133254766464233,0.424370676279068,/mnt/tidalfs-bdsz01/usr/panlicheng/workspace/ProjDF-OT/results_OT/baselines/TQNet_ETTh2_336_1.0_0.0_0.0005_type1_30_5_32
TQNet,720,ETTh2,0.0005,32,5,0,30,type1,0.4299759864807129,0.4438212811946869,/mnt/tidalfs-bdsz01/usr/panlicheng/workspace/ProjDF-OT/results_OT/baselines/TQNet_ETTh2_720_1.0_0.0_0.0005_type1_30_5_32
TQNet,96,ETTm1,0.0005,32,5,0,30,type1,0.3103821277618408,0.35172122716903687,/mnt/tidalfs-bdsz01/usr/panlicheng/workspace/ProjDF-OT/results_OT/baselines/TQNet_ETTm1_96_1.0_0.0_0.0005_type1_30_5_32
TQNet,192,ETTm1,0.0005,32,5,0,30,type1,0.35609951615333557,0.37744301557540894,/mnt/tidalfs-bdsz01/usr/panlicheng/workspace/ProjDF-OT/results_OT/baselines/TQNet_ETTm1_192_1.0_0.0_0.0005_type1_30_5_32
TQNet,336,ETTm1,0.0005,32,5,0,30,type1,0.38756948709487915,0.3998998999595642,/mnt/tidalfs-bdsz01/usr/panlicheng/workspace/ProjDF-OT/results_OT/baselines/TQNet_ETTm1_336_1.0_0.0_0.0005_type1_30_5_32
TQNet,720,ETTm1,0.0005,32,5,0,30,type1,0.4500214457511902,0.4365464746952057,/mnt/tidalfs-bdsz01/usr/panlicheng/workspace/ProjDF-OT/results_OT/baselines/TQNet_ETTm1_720_1.0_0.0_0.0005_type1_30_5_32
TQNet,96,ETTm2,0.0005,32,5,0,30,type1,0.17474612593650818,0.2557682693004608,/mnt/tidalfs-bdsz01/usr/panlicheng/workspace/ProjDF-OT/results_OT/baselines/TQNet_ETTm2_96_1.0_0.0_0.0005_type1_30_5_32
TQNet,192,ETTm2,0.0005,32,5,0,30,type1,0.24270379543304443,0.3004889190196991,/mnt/tidalfs-bdsz01/usr/panlicheng/workspace/ProjDF-OT/results_OT/baselines/TQNet_ETTm2_192_1.0_0.0_0.0005_type1_30_5_32
TQNet,336,ETTm2,0.0005,32,5,0,30,type1,0.2974522113800049,0.33643481135368347,/mnt/tidalfs-bdsz01/usr/panlicheng/workspace/ProjDF-OT/results_OT/baselines/TQNet_ETTm2_336_1.0_0.0_0.0005_type1_30_5_32
TQNet,720,ETTm2,0.0005,32,5,0,30,type1,0.3940703570842743,0.3930845558643341,/mnt/tidalfs-bdsz01/usr/panlicheng/workspace/ProjDF-OT/results_OT/baselines/TQNet_ETTm2_720_1.0_0.0_0.0005_type1_30_5_32
TQNet,12,PEMS03,0.0005,32,5,0,30,type1,0.09730525314807892,0.17963840067386627,/mnt/tidalfs-bdsz01/usr/panlicheng/workspace/ProjDF-OT/results_OT/baselines/TQNet_PEMS03_12_1.0_0.0_0.0005_type1_30_5_32
TQNet,24,PEMS03,0.0005,32,5,0,30,type1,0.09892906248569489,0.20442934334278107,/mnt/tidalfs-bdsz01/usr/panlicheng/workspace/ProjDF-OT/results_OT/baselines/TQNet_PEMS03_24_1.0_0.0_0.0005_type1_30_5_32
TQNet,36,PEMS03,0.0005,32,5,0,30,type1,0.12318091839551926,0.22999918460845947,/mnt/tidalfs-bdsz01/usr/panlicheng/workspace/ProjDF-OT/results_OT/baselines/TQNet_PEMS03_36_1.0_0.0_0.0005_type1_30_5_32
TQNet,48,PEMS03,0.0005,32,5,0,30,type1,0.15744830667972565,0.2556097209453583,/mnt/tidalfs-bdsz01/usr/panlicheng/workspace/ProjDF-OT/results_OT/baselines/TQNet_PEMS03_48_1.0_0.0_0.0005_type1_30_5_32
TQNet,12,PEMS08,0.0005,32,5,0,30,type1,0.0787055641412735,0.18253932893276215,/mnt/tidalfs-bdsz01/usr/panlicheng/workspace/ProjDF-OT/results_OT/baselines/TQNet_PEMS08_12_1.0_0.0_0.0005_type1_30_5_32
TQNet,24,PEMS08,0.0005,32,5,0,30,type1,0.11720362305641174,0.22245121002197266,/mnt/tidalfs-bdsz01/usr/panlicheng/workspace/ProjDF-OT/results_OT/baselines/TQNet_PEMS08_24_1.0_0.0_0.0005_type1_30_5_32
TQNet,36,PEMS08,0.0005,32,5,0,30,type1,0.1578436940908432,0.2600741982460022,/mnt/tidalfs-bdsz01/usr/panlicheng/workspace/ProjDF-OT/results_OT/baselines/TQNet_PEMS08_36_1.0_0.0_0.0005_type1_30_5_32
TQNet,48,PEMS08,0.0005,32,5,0,30,type1,0.20312240719795227,0.29539012908935547,/mnt/tidalfs-bdsz01/usr/panlicheng/workspace/ProjDF-OT/results_OT/baselines/TQNet_PEMS08_48_1.0_0.0_0.0005_type1_30_5_32
TQNet,96,Traffic,0.003,16,5,0,30,TST,0.4123072922229767,0.2586539685726166,/mnt/tidalfs-bdsz01/usr/panlicheng/workspace/ProjDF-OT/results_OT/baselines/TQNet_Traffic_96_1.0_0.0_0.003_TST_30_5_16
TQNet,192,Traffic,0.003,16,5,0,30,TST,0.42654290795326233,0.268568217754364,/mnt/tidalfs-bdsz01/usr/panlicheng/workspace/ProjDF-OT/results_OT/baselines/TQNet_Traffic_192_1.0_0.0_0.003_TST_30_5_16
TQNet,336,Traffic,0.003,16,5,0,30,TST,0.4421299993991852,0.27514341473579407,/mnt/tidalfs-bdsz01/usr/panlicheng/workspace/ProjDF-OT/results_OT/baselines/TQNet_Traffic_336_1.0_0.0_0.003_TST_30_5_16
TQNet,720,Traffic,0.003,16,5,0,30,TST,0.4875498414039612,0.2945673167705536,/mnt/tidalfs-bdsz01/usr/panlicheng/workspace/ProjDF-OT/results_OT/baselines/TQNet_Traffic_720_1.0_0.0_0.003_TST_30_5_16
TQNet,96,Weather,0.0005,32,5,0,30,type1,0.15996477007865906,0.20272290706634521,/mnt/tidalfs-bdsz01/usr/panlicheng/workspace/ProjDF-OT/results_OT/baselines/TQNet_Weather_96_1.0_0.0_0.0005_type1_30_5_32
TQNet,192,Weather,0.0005,32,5,0,30,type1,0.20987150073051453,0.24716635048389435,/mnt/tidalfs-bdsz01/usr/panlicheng/workspace/ProjDF-OT/results_OT/baselines/TQNet_Weather_192_1.0_0.0_0.0005_type1_30_5_32
TQNet,336,Weather,0.0005,32,5,0,30,type1,0.2666955590248108,0.2889534533023834,/mnt/tidalfs-bdsz01/usr/panlicheng/workspace/ProjDF-OT/results_OT/baselines/TQNet_Weather_336_1.0_0.0_0.0005_type1_30_5_32
TQNet,720,Weather,0.0005,32,5,0,30,type1,0.34612080454826355,0.34247007966041565,/mnt/tidalfs-bdsz01/usr/panlicheng/workspace/ProjDF-OT/results_OT/baselines/TQNet_Weather_720_1.0_0.0_0.0005_type1_30_5_32
TiDE,96,ECL,0.1,32,5,0,10,type1,0.19748784601688385,0.2740117013454437,/mnt/tidalfs-bdsz01/usr/panlicheng/workspace/ProjDF-OT/results_OT/baselines/TiDE_ECL_96_1.0_0.0_0.1_type1_10_5_32
TiDE,192,ECL,0.1,32,5,0,10,type1,0.19729450345039368,0.2768118381500244,/mnt/tidalfs-bdsz01/usr/panlicheng/workspace/ProjDF-OT/results_OT/baselines/TiDE_ECL_192_1.0_0.0_0.1_type1_10_5_32
TiDE,336,ECL,0.1,32,5,0,10,type1,0.21189020574092865,0.2918281555175781,/mnt/tidalfs-bdsz01/usr/panlicheng/workspace/ProjDF-OT/results_OT/baselines/TiDE_ECL_336_1.0_0.0_0.1_type1_10_5_32
TiDE,720,ECL,0.1,32,5,0,10,type1,0.25383460521698,0.32508158683776855,/mnt/tidalfs-bdsz01/usr/panlicheng/workspace/ProjDF-OT/results_OT/baselines/TiDE_ECL_720_1.0_0.0_0.1_type1_10_5_32
TiDE,96,ETTh1,0.1,512,5,0,10,type1,0.3868803083896637,0.39497020840644836,/mnt/tidalfs-bdsz01/usr/panlicheng/workspace/ProjDF-OT/results_OT/baselines/TiDE_ETTh1_96_1.0_0.0_0.1_type1_10_5_512
TiDE,192,ETTh1,0.1,512,5,0,10,type1,0.43865782022476196,0.4247405529022217,/mnt/tidalfs-bdsz01/usr/panlicheng/workspace/ProjDF-OT/results_OT/baselines/TiDE_ETTh1_192_1.0_0.0_0.1_type1_10_5_512
TiDE,336,ETTh1,0.1,512,5,0,10,type1,0.48175352811813354,0.4469703137874603,/mnt/tidalfs-bdsz01/usr/panlicheng/workspace/ProjDF-OT/results_OT/baselines/TiDE_ETTh1_336_1.0_0.0_0.1_type1_10_5_512
TiDE,720,ETTh1,0.1,512,5,0,10,type1,0.48367300629615784,0.47141504287719727,/mnt/tidalfs-bdsz01/usr/panlicheng/workspace/ProjDF-OT/results_OT/baselines/TiDE_ETTh1_720_1.0_0.0_0.1_type1_10_5_512
TiDE,96,ETTh2,0.1,512,5,0,10,type1,0.29083895683288574,0.3397740125656128,/mnt/tidalfs-bdsz01/usr/panlicheng/workspace/ProjDF-OT/results_OT/baselines/TiDE_ETTh2_96_1.0_0.0_0.1_type1_10_5_512
TiDE,192,ETTh2,0.1,512,5,0,10,type1,0.37618279457092285,0.39164209365844727,/mnt/tidalfs-bdsz01/usr/panlicheng/workspace/ProjDF-OT/results_OT/baselines/TiDE_ETTh2_192_1.0_0.0_0.1_type1_10_5_512
TiDE,336,ETTh2,0.1,512,5,0,10,type1,0.416812539100647,0.4273777902126312,/mnt/tidalfs-bdsz01/usr/panlicheng/workspace/ProjDF-OT/results_OT/baselines/TiDE_ETTh2_336_1.0_0.0_0.1_type1_10_5_512
TiDE,720,ETTh2,0.1,512,5,0,10,type1,0.42936286330223083,0.4455738663673401,/mnt/tidalfs-bdsz01/usr/panlicheng/workspace/ProjDF-OT/results_OT/baselines/TiDE_ETTh2_720_1.0_0.0_0.1_type1_10_5_512
TiDE,96,ETTm1,0.1,512,5,0,10,type1,0.3528754711151123,0.37420928478240967,/mnt/tidalfs-bdsz01/usr/panlicheng/workspace/ProjDF-OT/results_OT/baselines/TiDE_ETTm1_96_1.0_0.0_0.1_type1_10_5_512
TiDE,192,ETTm1,0.1,512,5,0,10,type1,0.391133576631546,0.39258110523223877,/mnt/tidalfs-bdsz01/usr/panlicheng/workspace/ProjDF-OT/results_OT/baselines/TiDE_ETTm1_192_1.0_0.0_0.1_type1_10_5_512
TiDE,336,ETTm1,0.1,512,5,0,10,type1,0.4234398603439331,0.4136703908443451,/mnt/tidalfs-bdsz01/usr/panlicheng/workspace/ProjDF-OT/results_OT/baselines/TiDE_ETTm1_336_1.0_0.0_0.1_type1_10_5_512
TiDE,720,ETTm1,0.1,512,5,0,10,type1,0.4857273995876312,0.4478665590286255,/mnt/tidalfs-bdsz01/usr/panlicheng/workspace/ProjDF-OT/results_OT/baselines/TiDE_ETTm1_720_1.0_0.0_0.1_type1_10_5_512
TiDE,96,ETTm2,0.1,512,5,0,10,type1,0.182170569896698,0.2649812400341034,/mnt/tidalfs-bdsz01/usr/panlicheng/workspace/ProjDF-OT/results_OT/baselines/TiDE_ETTm2_96_1.0_0.0_0.1_type1_10_5_512
TiDE,192,ETTm2,0.1,512,5,0,10,type1,0.24651965498924255,0.3041532337665558,/mnt/tidalfs-bdsz01/usr/panlicheng/workspace/ProjDF-OT/results_OT/baselines/TiDE_ETTm2_192_1.0_0.0_0.1_type1_10_5_512
TiDE,336,ETTm2,0.1,512,5,0,10,type1,0.307371586561203,0.3429255783557892,/mnt/tidalfs-bdsz01/usr/panlicheng/workspace/ProjDF-OT/results_OT/baselines/TiDE_ETTm2_336_1.0_0.0_0.1_type1_10_5_512
TiDE,720,ETTm2,0.1,512,5,0,10,type1,0.40766456723213196,0.3982326090335846,/mnt/tidalfs-bdsz01/usr/panlicheng/workspace/ProjDF-OT/results_OT/baselines/TiDE_ETTm2_720_1.0_0.0_0.1_type1_10_5_512
TiDE,12,PEMS03,0.1,32,5,0,10,type1,0.11685030162334442,0.22579102218151093,/mnt/tidalfs-bdsz01/usr/panlicheng/workspace/ProjDF-OT/results_OT/baselines/TiDE_PEMS03_12_1.0_0.0_0.1_type1_10_5_32
TiDE,24,PEMS03,0.1,32,5,0,10,type1,0.2333248257637024,0.3220479190349579,/mnt/tidalfs-bdsz01/usr/panlicheng/workspace/ProjDF-OT/results_OT/baselines/TiDE_PEMS03_24_1.0_0.0_0.1_type1_10_5_32
TiDE,36,PEMS03,0.1,32,5,0,10,type1,0.3788575828075409,0.417676717042923,/mnt/tidalfs-bdsz01/usr/panlicheng/workspace/ProjDF-OT/results_OT/baselines/TiDE_PEMS03_36_1.0_0.0_0.1_type1_10_5_32
TiDE,48,PEMS03,0.1,32,5,0,10,type1,0.5351485013961792,0.5161582827568054,/mnt/tidalfs-bdsz01/usr/panlicheng/workspace/ProjDF-OT/results_OT/baselines/TiDE_PEMS03_48_1.0_0.0_0.1_type1_10_5_32
TiDE,12,PEMS08,0.1,32,5,0,10,type1,0.12095993012189865,0.23332379758358002,/mnt/tidalfs-bdsz01/usr/panlicheng/workspace/ProjDF-OT/results_OT/baselines/TiDE_PEMS08_12_1.0_0.0_0.1_type1_10_5_32
TiDE,24,PEMS08,0.1,32,5,0,10,type1,0.23239387571811676,0.3251209259033203,/mnt/tidalfs-bdsz01/usr/panlicheng/workspace/ProjDF-OT/results_OT/baselines/TiDE_PEMS08_24_1.0_0.0_0.1_type1_10_5_32
TiDE,36,PEMS08,0.1,32,5,0,10,type1,0.37629222869873047,0.42701461911201477,/mnt/tidalfs-bdsz01/usr/panlicheng/workspace/ProjDF-OT/results_OT/baselines/TiDE_PEMS08_36_1.0_0.0_0.1_type1_10_5_32
TiDE,48,PEMS08,0.1,32,5,0,10,type1,0.5433986783027649,0.5266271233558655,/mnt/tidalfs-bdsz01/usr/panlicheng/workspace/ProjDF-OT/results_OT/baselines/TiDE_PEMS08_48_1.0_0.0_0.1_type1_10_5_32
TiDE,96,Traffic,0.1,4,5,0,10,type1,0.6462927460670471,0.38552969694137573,/mnt/tidalfs-bdsz01/usr/panlicheng/workspace/ProjDF-OT/results_OT/baselines/TiDE_Traffic_96_1.0_0.0_0.1_type1_10_5_4
TiDE,192,Traffic,0.1,4,5,0,10,type1,0.5992408394813538,0.36161336302757263,/mnt/tidalfs-bdsz01/usr/panlicheng/workspace/ProjDF-OT/results_OT/baselines/TiDE_Traffic_192_1.0_0.0_0.1_type1_10_5_4
TiDE,336,Traffic,0.1,4,5,0,10,type1,0.6057910323143005,0.36308810114860535,/mnt/tidalfs-bdsz01/usr/panlicheng/workspace/ProjDF-OT/results_OT/baselines/TiDE_Traffic_336_1.0_0.0_0.1_type1_10_5_4
TiDE,720,Traffic,0.1,4,5,0,10,type1,0.6427680850028992,0.38250797986984253,/mnt/tidalfs-bdsz01/usr/panlicheng/workspace/ProjDF-OT/results_OT/baselines/TiDE_Traffic_720_1.0_0.0_0.1_type1_10_5_4
TiDE,96,Weather,0.1,32,5,0,10,type1,0.19161371886730194,0.23239274322986603,/mnt/tidalfs-bdsz01/usr/panlicheng/workspace/ProjDF-OT/results_OT/baselines/TiDE_Weather_96_1.0_0.0_0.1_type1_10_5_32
TiDE,192,Weather,0.1,32,5,0,10,type1,0.23981833457946777,0.270194411277771,/mnt/tidalfs-bdsz01/usr/panlicheng/workspace/ProjDF-OT/results_OT/baselines/TiDE_Weather_192_1.0_0.0_0.1_type1_10_5_32
TiDE,336,Weather,0.1,32,5,0,10,type1,0.2924986183643341,0.3067837357521057,/mnt/tidalfs-bdsz01/usr/panlicheng/workspace/ProjDF-OT/results_OT/baselines/TiDE_Weather_336_1.0_0.0_0.1_type1_10_5_32
TiDE,720,Weather,0.1,32,5,0,10,type1,0.36429113149642944,0.35322830080986023,/mnt/tidalfs-bdsz01/usr/panlicheng/workspace/ProjDF-OT/results_OT/baselines/TiDE_Weather_720_1.0_0.0_0.1_type1_10_5_32
TimeBridge,96,ECL,0.0005,16,3,0,10,type1,0.14166171848773956,0.23894383013248444,/mnt/tidalfs-bdsz01/usr/panlicheng/workspace/ProjDF-OT/results_OT/baselines/TimeBridge_ECL_96_1.0_0.0_0.0005_type1_10_3_16
TimeBridge,192,ECL,0.0005,16,3,0,10,type1,0.16086739301681519,0.2569505274295807,/mnt/tidalfs-bdsz01/usr/panlicheng/workspace/ProjDF-OT/results_OT/baselines/TimeBridge_ECL_192_1.0_0.0_0.0005_type1_10_3_16
TimeBridge,336,ECL,0.0005,16,3,0,10,type1,0.18247999250888824,0.27754244208335876,/mnt/tidalfs-bdsz01/usr/panlicheng/workspace/ProjDF-OT/results_OT/baselines/TimeBridge_ECL_336_1.0_0.0_0.0005_type1_10_3_16
TimeBridge,720,ECL,0.0005,16,3,0,10,type1,0.21744626760482788,0.3093733787536621,/mnt/tidalfs-bdsz01/usr/panlicheng/workspace/ProjDF-OT/results_OT/baselines/TimeBridge_ECL_720_1.0_0.0_0.0005_type1_10_3_16
TimeBridge,96,ETTh1,0.0005,32,15,0,100,type1,0.37342581152915955,0.3951742351055145,/mnt/tidalfs-bdsz01/usr/panlicheng/workspace/ProjDF-OT/results_OT/baselines/TimeBridge_ETTh1_96_1.0_0.0_0.0005_type1_100_15_32
TimeBridge,192,ETTh1,0.0002,64,15,0,100,type1,0.42756468057632446,0.4262012541294098,/mnt/tidalfs-bdsz01/usr/panlicheng/workspace/ProjDF-OT/results_OT/baselines/TimeBridge_ETTh1_192_1.0_0.0_0.0002_type1_100_15_64
TimeBridge,336,ETTh1,0.0002,64,15,0,100,type1,0.4708667993545532,0.4514804184436798,/mnt/tidalfs-bdsz01/usr/panlicheng/workspace/ProjDF-OT/results_OT/baselines/TimeBridge_ETTh1_336_1.0_0.0_0.0002_type1_100_15_64
TimeBridge,720,ETTh1,0.0002,64,15,0,100,type1,0.49481505155563354,0.48692587018013,/mnt/tidalfs-bdsz01/usr/panlicheng/workspace/ProjDF-OT/results_OT/baselines/TimeBridge_ETTh1_720_1.0_0.0_0.0002_type1_100_15_64
TimeBridge,96,ETTh2,0.0001,16,15,0,100,type1,0.29407668113708496,0.34425923228263855,/mnt/tidalfs-bdsz01/usr/panlicheng/workspace/ProjDF-OT/results_OT/baselines/TimeBridge_ETTh2_96_1.0_0.0_0.0001_type1_100_15_16
TimeBridge,192,ETTh2,0.001,256,15,0,100,type1,0.3714970648288727,0.3939332365989685,/mnt/tidalfs-bdsz01/usr/panlicheng/workspace/ProjDF-OT/results_OT/baselines/TimeBridge_ETTh2_192_1.0_0.0_0.001_type1_100_15_256
TimeBridge,336,ETTh2,0.0001,16,15,0,100,type1,0.42089807987213135,0.4294164180755615,/mnt/tidalfs-bdsz01/usr/panlicheng/workspace/ProjDF-OT/results_OT/baselines/TimeBridge_ETTh2_336_1.0_0.0_0.0001_type1_100_15_16
TimeBridge,720,ETTh2,0.0005,32,15,0,100,type1,0.4229237735271454,0.4434131681919098,/mnt/tidalfs-bdsz01/usr/panlicheng/workspace/ProjDF-OT/results_OT/baselines/TimeBridge_ETTh2_720_1.0_0.0_0.0005_type1_100_15_32
TimeBridge,96,ETTm1,0.0005,32,15,0,100,type1,0.3230789005756378,0.36078116297721863,/mnt/tidalfs-bdsz01/usr/panlicheng/workspace/ProjDF-OT/results_OT/baselines/TimeBridge_ETTm1_96_1.0_0.0_0.0005_type1_100_15_32
TimeBridge,192,ETTm1,0.0005,32,15,0,100,type1,0.3659573495388031,0.38488882780075073,/mnt/tidalfs-bdsz01/usr/panlicheng/workspace/ProjDF-OT/results_OT/baselines/TimeBridge_ETTm1_192_1.0_0.0_0.0005_type1_100_15_32
TimeBridge,336,ETTm1,0.0005,64,15,0,100,type1,0.39822518825531006,0.40789470076560974,/mnt/tidalfs-bdsz01/usr/panlicheng/workspace/ProjDF-OT/results_OT/baselines/TimeBridge_ETTm1_336_1.0_0.0_0.0005_type1_100_15_64
TimeBridge,720,ETTm1,0.0005,32,15,0,100,type1,0.460517019033432,0.44493281841278076,/mnt/tidalfs-bdsz01/usr/panlicheng/workspace/ProjDF-OT/results_OT/baselines/TimeBridge_ETTm1_720_1.0_0.0_0.0005_type1_100_15_32
TimeBridge,96,ETTm2,0.0005,64,15,0,100,type1,0.17665083706378937,0.2591608464717865,/mnt/tidalfs-bdsz01/usr/panlicheng/workspace/ProjDF-OT/results_OT/baselines/TimeBridge_ETTm2_96_1.0_0.0_0.0005_type1_100_15_64
TimeBridge,192,ETTm2,0.0005,64,15,0,100,type1,0.24338747560977936,0.30281177163124084,/mnt/tidalfs-bdsz01/usr/panlicheng/workspace/ProjDF-OT/results_OT/baselines/TimeBridge_ETTm2_192_1.0_0.0_0.0005_type1_100_15_64
TimeBridge,336,ETTm2,0.0002,64,15,0,100,type1,0.30335888266563416,0.34263554215431213,/mnt/tidalfs-bdsz01/usr/panlicheng/workspace/ProjDF-OT/results_OT/baselines/TimeBridge_ETTm2_336_1.0_0.0_0.0002_type1_100_15_64
TimeBridge,720,ETTm2,0.0005,64,15,0,100,type1,0.40138062834739685,0.39925330877304077,/mnt/tidalfs-bdsz01/usr/panlicheng/workspace/ProjDF-OT/results_OT/baselines/TimeBridge_ETTm2_720_1.0_0.0_0.0005_type1_100_15_64
TimeBridge,12,PEMS03,0.0005,32,15,0,100,type1,0.06972812116146088,0.17642192542552948,/mnt/tidalfs-bdsz01/usr/panlicheng/workspace/ProjDF-OT/results_OT/baselines/TimeBridge_PEMS03_12_1.0_0.0_0.0005_type1_100_15_32
TimeBridge,24,PEMS03,0.0005,32,15,0,100,type1,0.09868906438350677,0.21071107685565948,/mnt/tidalfs-bdsz01/usr/panlicheng/workspace/ProjDF-OT/results_OT/baselines/TimeBridge_PEMS03_24_1.0_0.0_0.0005_type1_100_15_32
TimeBridge,36,PEMS03,0.0005,32,15,0,100,type1,0.12586674094200134,0.23964902758598328,/mnt/tidalfs-bdsz01/usr/panlicheng/workspace/ProjDF-OT/results_OT/baselines/TimeBridge_PEMS03_36_1.0_0.0_0.0005_type1_100_15_32
TimeBridge,48,PEMS03,0.0005,32,15,0,100,type1,0.15326185524463654,0.2671049237251282,/mnt/tidalfs-bdsz01/usr/panlicheng/workspace/ProjDF-OT/results_OT/baselines/TimeBridge_PEMS03_48_1.0_0.0_0.0005_type1_100_15_32
TimeBridge,12,PEMS08,0.001,16,15,0,100,type1,0.08023862540721893,0.1835384964942932,/mnt/tidalfs-bdsz01/usr/panlicheng/workspace/ProjDF-OT/results_OT/baselines/TimeBridge_PEMS08_12_1.0_0.0_0.001_type1_100_15_16
TimeBridge,24,PEMS08,0.001,16,15,0,100,type1,0.11865808814764023,0.2236299365758896,/mnt/tidalfs-bdsz01/usr/panlicheng/workspace/ProjDF-OT/results_OT/baselines/TimeBridge_PEMS08_24_1.0_0.0_0.001_type1_100_15_16
TimeBridge,36,PEMS08,0.001,16,15,0,100,type1,0.15918347239494324,0.2591571509838104,/mnt/tidalfs-bdsz01/usr/panlicheng/workspace/ProjDF-OT/results_OT/baselines/TimeBridge_PEMS08_36_1.0_0.0_0.001_type1_100_15_16
TimeBridge,48,PEMS08,0.001,16,15,0,100,type1,0.19814224541187286,0.2892928719520569,/mnt/tidalfs-bdsz01/usr/panlicheng/workspace/ProjDF-OT/results_OT/baselines/TimeBridge_PEMS08_48_1.0_0.0_0.001_type1_100_15_16
TimeBridge,96,Traffic,0.0005,16,5,0,100,type1,0.39071178436279297,0.2680172026157379,/mnt/tidalfs-bdsz01/usr/panlicheng/workspace/ProjDF-OT/results_OT/baselines/TimeBridge_Traffic_96_1.0_0.0_0.0005_type1_100_5_16
TimeBridge,192,Traffic,0.0005,16,5,0,100,type1,0.41765543818473816,0.2761743366718292,/mnt/tidalfs-bdsz01/usr/panlicheng/workspace/ProjDF-OT/results_OT/baselines/TimeBridge_Traffic_192_1.0_0.0_0.0005_type1_100_5_16
TimeBridge,336,Traffic,0.0005,16,5,0,100,type1,0.43189164996147156,0.28372037410736084,/mnt/tidalfs-bdsz01/usr/panlicheng/workspace/ProjDF-OT/results_OT/baselines/TimeBridge_Traffic_336_1.0_0.0_0.0005_type1_100_5_16
TimeBridge,720,Traffic,0.0005,16,5,0,100,type1,0.4640038013458252,0.3010216951370239,/mnt/tidalfs-bdsz01/usr/panlicheng/workspace/ProjDF-OT/results_OT/baselines/TimeBridge_Traffic_720_1.0_0.0_0.0005_type1_100_5_16
TimeBridge,96,Weather,0.0005,32,15,0,100,type1,0.1678236424922943,0.21091555058956146,/mnt/tidalfs-bdsz01/usr/panlicheng/workspace/ProjDF-OT/results_OT/baselines/TimeBridge_Weather_96_1.0_0.0_0.0005_type1_100_15_32
TimeBridge,192,Weather,0.0005,32,15,0,100,type1,0.2139715552330017,0.25385186076164246,/mnt/tidalfs-bdsz01/usr/panlicheng/workspace/ProjDF-OT/results_OT/baselines/TimeBridge_Weather_192_1.0_0.0_0.0005_type1_100_15_32
TimeBridge,336,Weather,0.0005,32,15,0,100,type1,0.27306756377220154,0.29674476385116577,/mnt/tidalfs-bdsz01/usr/panlicheng/workspace/ProjDF-OT/results_OT/baselines/TimeBridge_Weather_336_1.0_0.0_0.0005_type1_100_15_32
TimeBridge,720,Weather,0.0005,32,15,0,100,type1,0.35266947746276855,0.3474213480949402,/mnt/tidalfs-bdsz01/usr/panlicheng/workspace/ProjDF-OT/results_OT/baselines/TimeBridge_Weather_720_1.0_0.0_0.0005_type1_100_15_32
TimesNet,96,ECL,0.0005,16,3,0,10,type1,0.16962116956710815,0.272173136472702,/mnt/tidalfs-bdsz01/usr/panlicheng/workspace/ProjDF-OT/results_OT/baselines/TimesNet_ECL_96_1.0_0.0_0.0005_type1_10_3_16
TimesNet,192,ECL,0.0005,16,3,0,10,type1,0.1828533560037613,0.2822490930557251,/mnt/tidalfs-bdsz01/usr/panlicheng/workspace/ProjDF-OT/results_OT/baselines/TimesNet_ECL_192_1.0_0.0_0.0005_type1_10_3_16
TimesNet,336,ECL,0.0005,16,3,0,10,type1,0.20269928872585297,0.3019119203090668,/mnt/tidalfs-bdsz01/usr/panlicheng/workspace/ProjDF-OT/results_OT/baselines/TimesNet_ECL_336_1.0_0.0_0.0005_type1_10_3_16
TimesNet,720,ECL,0.0005,16,3,0,10,type1,0.29382088780403137,0.3660229444503784,/mnt/tidalfs-bdsz01/usr/panlicheng/workspace/ProjDF-OT/results_OT/baselines/TimesNet_ECL_720_1.0_0.0_0.0005_type1_10_3_16
TimesNet,96,ETTh1,0.0005,32,3,0,10,type1,0.3988669216632843,0.41835033893585205,/mnt/tidalfs-bdsz01/usr/panlicheng/workspace/ProjDF-OT/results_OT/baselines/TimesNet_ETTh1_96_1.0_0.0_0.0005_type1_10_3_32
TimesNet,192,ETTh1,0.0005,32,3,0,10,type1,0.4524773955345154,0.4506160616874695,/mnt/tidalfs-bdsz01/usr/panlicheng/workspace/ProjDF-OT/results_OT/baselines/TimesNet_ETTh1_192_1.0_0.0_0.0005_type1_10_3_32
TimesNet,336,ETTh1,0.0005,32,3,0,10,type1,0.4879514276981354,0.46893998980522156,/mnt/tidalfs-bdsz01/usr/panlicheng/workspace/ProjDF-OT/results_OT/baselines/TimesNet_ETTh1_336_1.0_0.0_0.0005_type1_10_3_32
TimesNet,720,ETTh1,0.0005,32,3,0,10,type1,0.5492606163024902,0.5147117376327515,/mnt/tidalfs-bdsz01/usr/panlicheng/workspace/ProjDF-OT/results_OT/baselines/TimesNet_ETTh1_720_1.0_0.0_0.0005_type1_10_3_32
TimesNet,96,ETTh2,0.0005,32,3,0,10,type1,0.3206523656845093,0.35808080434799194,/mnt/tidalfs-bdsz01/usr/panlicheng/workspace/ProjDF-OT/results_OT/baselines/TimesNet_ETTh2_96_1.0_0.0_0.0005_type1_10_3_32
TimesNet,192,ETTh2,0.0005,32,3,0,10,type1,0.4179335832595825,0.4173114001750946,/mnt/tidalfs-bdsz01/usr/panlicheng/workspace/ProjDF-OT/results_OT/baselines/TimesNet_ETTh2_192_1.0_0.0_0.0005_type1_10_3_32
TimesNet,336,ETTh2,0.0005,32,3,0,10,type1,0.4639114439487457,0.4541562795639038,/mnt/tidalfs-bdsz01/usr/panlicheng/workspace/ProjDF-OT/results_OT/baselines/TimesNet_ETTh2_336_1.0_0.0_0.0005_type1_10_3_32
TimesNet,720,ETTh2,0.0005,32,3,0,10,type1,0.4342527389526367,0.449573278427124,/mnt/tidalfs-bdsz01/usr/panlicheng/workspace/ProjDF-OT/results_OT/baselines/TimesNet_ETTh2_720_1.0_0.0_0.0005_type1_10_3_32
TimesNet,96,ETTm1,0.0005,32,3,0,10,type1,0.3675805926322937,0.39432618021965027,/mnt/tidalfs-bdsz01/usr/panlicheng/workspace/ProjDF-OT/results_OT/baselines/TimesNet_ETTm1_96_1.0_0.0_0.0005_type1_10_3_32
TimesNet,192,ETTm1,0.0005,32,3,0,10,type1,0.4060417711734772,0.40922579169273376,/mnt/tidalfs-bdsz01/usr/panlicheng/workspace/ProjDF-OT/results_OT/baselines/TimesNet_ETTm1_192_1.0_0.0_0.0005_type1_10_3_32
TimesNet,336,ETTm1,0.0005,32,3,0,3,type1,0.45358654856681824,0.4438459575176239,/mnt/tidalfs-bdsz01/usr/panlicheng/workspace/ProjDF-OT/results_OT/baselines/TimesNet_ETTm1_336_1.0_0.0_0.0005_type1_3_3_32
TimesNet,720,ETTm1,0.0005,32,3,0,10,type1,0.5267228484153748,0.47427505254745483,/mnt/tidalfs-bdsz01/usr/panlicheng/workspace/ProjDF-OT/results_OT/baselines/TimesNet_ETTm1_720_1.0_0.0_0.0005_type1_10_3_32
TimesNet,96,ETTm2,0.0005,32,3,0,10,type1,0.18439672887325287,0.26198911666870117,/mnt/tidalfs-bdsz01/usr/panlicheng/workspace/ProjDF-OT/results_OT/baselines/TimesNet_ETTm2_96_1.0_0.0_0.0005_type1_10_3_32
TimesNet,192,ETTm2,0.0005,32,3,0,1,type1,0.2570081949234009,0.3083667457103729,/mnt/tidalfs-bdsz01/usr/panlicheng/workspace/ProjDF-OT/results_OT/baselines/TimesNet_ETTm2_192_1.0_0.0_0.0005_type1_1_3_32
TimesNet,336,ETTm2,0.0005,32,3,0,10,type1,0.3145222067832947,0.3447534739971161,/mnt/tidalfs-bdsz01/usr/panlicheng/workspace/ProjDF-OT/results_OT/baselines/TimesNet_ETTm2_336_1.0_0.0_0.0005_type1_10_3_32
TimesNet,720,ETTm2,0.0005,32,3,0,1,type1,0.45205074548721313,0.4213734567165375,/mnt/tidalfs-bdsz01/usr/panlicheng/workspace/ProjDF-OT/results_OT/baselines/TimesNet_ETTm2_720_1.0_0.0_0.0005_type1_1_3_32
TimesNet,12,PEMS03,0.0005,32,3,0,10,type1,0.09410198032855988,0.20145092904567719,/mnt/tidalfs-bdsz01/usr/panlicheng/workspace/ProjDF-OT/results_OT/baselines/TimesNet_PEMS03_12_1.0_0.0_0.0005_type1_10_3_32
TimesNet,24,PEMS03,0.0005,32,3,0,10,type1,0.11614731699228287,0.22057202458381653,/mnt/tidalfs-bdsz01/usr/panlicheng/workspace/ProjDF-OT/results_OT/baselines/TimesNet_PEMS03_24_1.0_0.0_0.0005_type1_10_3_32
TimesNet,36,PEMS03,0.0005,32,3,0,10,type1,0.13383299112319946,0.23671483993530273,/mnt/tidalfs-bdsz01/usr/panlicheng/workspace/ProjDF-OT/results_OT/baselines/TimesNet_PEMS03_36_1.0_0.0_0.0005_type1_10_3_32
TimesNet,48,PEMS03,0.0005,32,3,0,10,type1,0.16136792302131653,0.2615451514720917,/mnt/tidalfs-bdsz01/usr/panlicheng/workspace/ProjDF-OT/results_OT/baselines/TimesNet_PEMS03_48_1.0_0.0_0.0005_type1_10_3_32
TimesNet,12,PEMS08,0.0005,32,3,0,10,type1,0.11114384233951569,0.20847740769386292,/mnt/tidalfs-bdsz01/usr/panlicheng/workspace/ProjDF-OT/results_OT/baselines/TimesNet_PEMS08_12_1.0_0.0_0.0005_type1_10_3_32
TimesNet,24,PEMS08,0.0005,32,3,0,10,type1,0.13857756555080414,0.23177741467952728,/mnt/tidalfs-bdsz01/usr/panlicheng/workspace/ProjDF-OT/results_OT/baselines/TimesNet_PEMS08_24_1.0_0.0_0.0005_type1_10_3_32
TimesNet,36,PEMS08,0.0005,32,3,0,10,type1,0.16834382712841034,0.25976550579071045,/mnt/tidalfs-bdsz01/usr/panlicheng/workspace/ProjDF-OT/results_OT/baselines/TimesNet_PEMS08_36_1.0_0.0_0.0005_type1_10_3_32
TimesNet,48,PEMS08,0.0005,32,3,0,10,type1,0.18891331553459167,0.27193158864974976,/mnt/tidalfs-bdsz01/usr/panlicheng/workspace/ProjDF-OT/results_OT/baselines/TimesNet_PEMS08_48_1.0_0.0_0.0005_type1_10_3_32
TimesNet,96,Traffic,0.0005,8,3,0,10,type1,0.589990496635437,0.3160516023635864,/mnt/tidalfs-bdsz01/usr/panlicheng/workspace/ProjDF-OT/results_OT/baselines/TimesNet_Traffic_96_1.0_0.0_0.0005_type1_10_3_8
TimesNet,192,Traffic,0.0005,8,3,0,10,type1,0.6242637038230896,0.33636826276779175,/mnt/tidalfs-bdsz01/usr/panlicheng/workspace/ProjDF-OT/results_OT/baselines/TimesNet_Traffic_192_1.0_0.0_0.0005_type1_10_3_8
TimesNet,336,Traffic,0.0005,8,3,0,10,type1,0.6413379311561584,0.34516018629074097,/mnt/tidalfs-bdsz01/usr/panlicheng/workspace/ProjDF-OT/results_OT/baselines/TimesNet_Traffic_336_1.0_0.0_0.0005_type1_10_3_8
TimesNet,720,Traffic,0.0005,8,3,0,10,type1,0.6702081561088562,0.3563888669013977,/mnt/tidalfs-bdsz01/usr/panlicheng/workspace/ProjDF-OT/results_OT/baselines/TimesNet_Traffic_720_1.0_0.0_0.0005_type1_10_3_8
TimesNet,96,Weather,0.0005,32,3,0,10,type1,0.1828252673149109,0.22922228276729584,/mnt/tidalfs-bdsz01/usr/panlicheng/workspace/ProjDF-OT/results_OT/baselines/TimesNet_Weather_96_1.0_0.0_0.0005_type1_10_3_32
TimesNet,192,Weather,0.0005,32,3,0,10,type1,0.24212628602981567,0.2761977016925812,/mnt/tidalfs-bdsz01/usr/panlicheng/workspace/ProjDF-OT/results_OT/baselines/TimesNet_Weather_192_1.0_0.0_0.0005_type1_10_3_32
TimesNet,336,Weather,0.0005,32,3,0,10,type1,0.29273688793182373,0.31162136793136597,/mnt/tidalfs-bdsz01/usr/panlicheng/workspace/ProjDF-OT/results_OT/baselines/TimesNet_Weather_336_1.0_0.0_0.0005_type1_10_3_32
TimesNet,720,Weather,0.0005,32,3,0,10,type1,0.36649253964424133,0.36135292053222656,/mnt/tidalfs-bdsz01/usr/panlicheng/workspace/ProjDF-OT/results_OT/baselines/TimesNet_Weather_720_1.0_0.0_0.0005_type1_10_3_32
Transformer,96,ECL,0.0005,32,3,0,10,type1,0.2530328035354614,0.34976810216903687,/mnt/tidalfs-bdsz01/usr/panlicheng/workspace/ProjDF-OT/results_OT/baselines/Transformer_ECL_96_1.0_0.0_0.0005_type1_10_3_32
Transformer,192,ECL,0.0005,32,3,0,10,type1,0.26161321997642517,0.35582369565963745,/mnt/tidalfs-bdsz01/usr/panlicheng/workspace/ProjDF-OT/results_OT/baselines/Transformer_ECL_192_1.0_0.0_0.0005_type1_10_3_32
Transformer,336,ECL,0.0005,32,3,0,10,type1,0.26926693320274353,0.36327123641967773,/mnt/tidalfs-bdsz01/usr/panlicheng/workspace/ProjDF-OT/results_OT/baselines/Transformer_ECL_336_1.0_0.0_0.0005_type1_10_3_32
Transformer,720,ECL,0.0005,32,3,0,10,type1,0.27653956413269043,0.36464065313339233,/mnt/tidalfs-bdsz01/usr/panlicheng/workspace/ProjDF-OT/results_OT/baselines/Transformer_ECL_720_1.0_0.0_0.0005_type1_10_3_32
Transformer,96,ETTh1,0.0005,32,3,0,10,type1,1.0282268524169922,0.7782850861549377,/mnt/tidalfs-bdsz01/usr/panlicheng/workspace/ProjDF-OT/results_OT/baselines/Transformer_ETTh1_96_1.0_0.0_0.0005_type1_10_3_32
Transformer,192,ETTh1,0.0005,32,3,0,10,type1,1.009844183921814,0.7888525128364563,/mnt/tidalfs-bdsz01/usr/panlicheng/workspace/ProjDF-OT/results_OT/baselines/Transformer_ETTh1_192_1.0_0.0_0.0005_type1_10_3_32
Transformer,336,ETTh1,0.0005,32,3,0,10,type1,0.9075914025306702,0.7433798909187317,/mnt/tidalfs-bdsz01/usr/panlicheng/workspace/ProjDF-OT/results_OT/baselines/Transformer_ETTh1_336_1.0_0.0_0.0005_type1_10_3_32
Transformer,720,ETTh1,0.0005,32,3,0,10,type1,0.9872677326202393,0.7853093147277832,/mnt/tidalfs-bdsz01/usr/panlicheng/workspace/ProjDF-OT/results_OT/baselines/Transformer_ETTh1_720_1.0_0.0_0.0005_type1_10_3_32
Transformer,96,ETTh2,0.0005,32,3,0,10,type1,1.4853098392486572,0.9593598246574402,/mnt/tidalfs-bdsz01/usr/panlicheng/workspace/ProjDF-OT/results_OT/baselines/Transformer_ETTh2_96_1.0_0.0_0.0005_type1_10_3_32
Transformer,192,ETTh2,0.0005,32,3,0,10,type1,4.217735767364502,1.5853471755981445,/mnt/tidalfs-bdsz01/usr/panlicheng/workspace/ProjDF-OT/results_OT/baselines/Transformer_ETTh2_192_1.0_0.0_0.0005_type1_10_3_32
Transformer,336,ETTh2,0.0005,32,3,0,10,type1,2.775491237640381,1.3609575033187866,/mnt/tidalfs-bdsz01/usr/panlicheng/workspace/ProjDF-OT/results_OT/baselines/Transformer_ETTh2_336_1.0_0.0_0.0005_type1_10_3_32
Transformer,720,ETTh2,0.0005,32,3,0,10,type1,2.2737057209014893,1.2567408084869385,/mnt/tidalfs-bdsz01/usr/panlicheng/workspace/ProjDF-OT/results_OT/baselines/Transformer_ETTh2_720_1.0_0.0_0.0005_type1_10_3_32
Transformer,96,ETTm1,0.0005,32,3,0,10,type1,0.5028759837150574,0.4815075099468231,/mnt/tidalfs-bdsz01/usr/panlicheng/workspace/ProjDF-OT/results_OT/baselines/Transformer_ETTm1_96_1.0_0.0_0.0005_type1_10_3_32
Transformer,192,ETTm1,0.0005,32,3,0,10,type1,0.8069688081741333,0.663956344127655,/mnt/tidalfs-bdsz01/usr/panlicheng/workspace/ProjDF-OT/results_OT/baselines/Transformer_ETTm1_192_1.0_0.0_0.0005_type1_10_3_32
Transformer,336,ETTm1,0.0005,32,3,0,10,type1,0.8472050428390503,0.6775527596473694,/mnt/tidalfs-bdsz01/usr/panlicheng/workspace/ProjDF-OT/results_OT/baselines/Transformer_ETTm1_336_1.0_0.0_0.0005_type1_10_3_32
Transformer,720,ETTm1,0.0005,32,3,0,10,type1,1.037406086921692,0.7706805467605591,/mnt/tidalfs-bdsz01/usr/panlicheng/workspace/ProjDF-OT/results_OT/baselines/Transformer_ETTm1_720_1.0_0.0_0.0005_type1_10_3_32
Transformer,96,ETTm2,0.0005,32,3,0,10,type1,0.385733038187027,0.44077402353286743,/mnt/tidalfs-bdsz01/usr/panlicheng/workspace/ProjDF-OT/results_OT/baselines/Transformer_ETTm2_96_1.0_0.0_0.0005_type1_10_3_32
Transformer,192,ETTm2,0.0005,32,3,0,10,type1,1.4095536470413208,0.8811715245246887,/mnt/tidalfs-bdsz01/usr/panlicheng/workspace/ProjDF-OT/results_OT/baselines/Transformer_ETTm2_192_1.0_0.0_0.0005_type1_10_3_32
Transformer,336,ETTm2,0.0005,32,3,0,10,type1,1.9395374059677124,1.0703275203704834,/mnt/tidalfs-bdsz01/usr/panlicheng/workspace/ProjDF-OT/results_OT/baselines/Transformer_ETTm2_336_1.0_0.0_0.0005_type1_10_3_32
Transformer,720,ETTm2,0.0005,32,3,0,10,type1,2.9137074947357178,1.2759456634521484,/mnt/tidalfs-bdsz01/usr/panlicheng/workspace/ProjDF-OT/results_OT/baselines/Transformer_ETTm2_720_1.0_0.0_0.0005_type1_10_3_32
Transformer,12,PEMS03,0.0005,32,3,0,10,type1,0.10571146011352539,0.2062208205461502,/mnt/tidalfs-bdsz01/usr/panlicheng/workspace/ProjDF-OT/results_OT/baselines/Transformer_PEMS03_12_1.0_0.0_0.0005_type1_10_3_32
Transformer,24,PEMS03,0.0005,32,3,0,10,type1,0.11737218499183655,0.22080443799495697,/mnt/tidalfs-bdsz01/usr/panlicheng/workspace/ProjDF-OT/results_OT/baselines/Transformer_PEMS03_24_1.0_0.0_0.0005_type1_10_3_32
Transformer,36,PEMS03,0.0005,32,3,0,10,type1,0.12732918560504913,0.23278972506523132,/mnt/tidalfs-bdsz01/usr/panlicheng/workspace/ProjDF-OT/results_OT/baselines/Transformer_PEMS03_36_1.0_0.0_0.0005_type1_10_3_32
Transformer,48,PEMS03,0.0005,32,3,0,10,type1,0.13928139209747314,0.24486815929412842,/mnt/tidalfs-bdsz01/usr/panlicheng/workspace/ProjDF-OT/results_OT/baselines/Transformer_PEMS03_48_1.0_0.0_0.0005_type1_10_3_32
Transformer,12,PEMS08,0.0005,32,3,0,10,type1,0.20432806015014648,0.23188446462154388,/mnt/tidalfs-bdsz01/usr/panlicheng/workspace/ProjDF-OT/results_OT/baselines/Transformer_PEMS08_12_1.0_0.0_0.0005_type1_10_3_32
Transformer,24,PEMS08,0.0005,32,3,0,10,type1,0.2315995842218399,0.25105565786361694,/mnt/tidalfs-bdsz01/usr/panlicheng/workspace/ProjDF-OT/results_OT/baselines/Transformer_PEMS08_24_1.0_0.0_0.0005_type1_10_3_32
Transformer,36,PEMS08,0.0005,32,3,0,10,type1,0.2456657588481903,0.26275360584259033,/mnt/tidalfs-bdsz01/usr/panlicheng/workspace/ProjDF-OT/results_OT/baselines/Transformer_PEMS08_36_1.0_0.0_0.0005_type1_10_3_32
Transformer,48,PEMS08,0.0005,32,3,0,10,type1,0.2783374786376953,0.29715341329574585,/mnt/tidalfs-bdsz01/usr/panlicheng/workspace/ProjDF-OT/results_OT/baselines/Transformer_PEMS08_48_1.0_0.0_0.0005_type1_10_3_32
Transformer,96,Traffic,0.0005,4,3,0,3,type1,0.6890313029289246,0.39580392837524414,/mnt/tidalfs-bdsz01/usr/panlicheng/workspace/ProjDF-OT/results_OT/baselines/Transformer_Traffic_96_1.0_0.0_0.0005_type1_3_3_4
Transformer,192,Traffic,0.0005,4,3,0,3,type1,0.7095288038253784,0.3884875774383545,/mnt/tidalfs-bdsz01/usr/panlicheng/workspace/ProjDF-OT/results_OT/baselines/Transformer_Traffic_192_1.0_0.0_0.0005_type1_3_3_4
Transformer,336,Traffic,0.0005,4,3,0,3,type1,0.6868684887886047,0.36575591564178467,/mnt/tidalfs-bdsz01/usr/panlicheng/workspace/ProjDF-OT/results_OT/baselines/Transformer_Traffic_336_1.0_0.0_0.0005_type1_3_3_4
Transformer,720,Traffic,0.0005,4,3,0,3,type1,0.6809196472167969,0.36559391021728516,/mnt/tidalfs-bdsz01/usr/panlicheng/workspace/ProjDF-OT/results_OT/baselines/Transformer_Traffic_720_1.0_0.0_0.0005_type1_3_3_4
Transformer,96,Weather,0.0005,32,3,0,10,type1,0.42259007692337036,0.4476037323474884,/mnt/tidalfs-bdsz01/usr/panlicheng/workspace/ProjDF-OT/results_OT/baselines/Transformer_Weather_96_1.0_0.0_0.0005_type1_10_3_32
Transformer,192,Weather,0.0005,32,3,0,10,type1,0.6644213199615479,0.5854992270469666,/mnt/tidalfs-bdsz01/usr/panlicheng/workspace/ProjDF-OT/results_OT/baselines/Transformer_Weather_192_1.0_0.0_0.0005_type1_10_3_32
Transformer,336,Weather,0.0005,32,3,0,10,type1,0.8483185768127441,0.6857631206512451,/mnt/tidalfs-bdsz01/usr/panlicheng/workspace/ProjDF-OT/results_OT/baselines/Transformer_Weather_336_1.0_0.0_0.0005_type1_10_3_32
Transformer,720,Weather,0.0005,32,3,0,10,type1,0.8610858917236328,0.6845192909240723,/mnt/tidalfs-bdsz01/usr/panlicheng/workspace/ProjDF-OT/results_OT/baselines/Transformer_Weather_720_1.0_0.0_0.0005_type1_10_3_32
iTransformer,96,ECL,0.0005,16,3,0,10,type1,0.15003478527069092,0.24150978028774261,/mnt/tidalfs-bdsz01/usr/panlicheng/workspace/ProjDF-OT/results_OT/baselines/iTransformer_ECL_96_1.0_0.0_0.0005_type1_10_3_16
iTransformer,192,ECL,0.0005,16,3,0,10,type1,0.16811427474021912,0.2590668499469757,/mnt/tidalfs-bdsz01/usr/panlicheng/workspace/ProjDF-OT/results_OT/baselines/iTransformer_ECL_192_1.0_0.0_0.0005_type1_10_3_16
iTransformer,336,ECL,0.0005,16,3,0,10,type1,0.18234603106975555,0.27435529232025146,/mnt/tidalfs-bdsz01/usr/panlicheng/workspace/ProjDF-OT/results_OT/baselines/iTransformer_ECL_336_1.0_0.0_0.0005_type1_10_3_16
iTransformer,720,ECL,0.0005,16,3,0,10,type1,0.2144506722688675,0.303504079580307,/mnt/tidalfs-bdsz01/usr/panlicheng/workspace/ProjDF-OT/results_OT/baselines/iTransformer_ECL_720_1.0_0.0_0.0005_type1_10_3_16
iTransformer,96,ETTh1,0.0005,32,3,0,10,type1,0.3852306008338928,0.4053114652633667,/mnt/tidalfs-bdsz01/usr/panlicheng/workspace/ProjDF-OT/results_OT/baselines/iTransformer_ETTh1_96_1.0_0.0_0.0005_type1_10_3_32
iTransformer,192,ETTh1,0.0005,32,3,0,10,type1,0.44049057364463806,0.43676090240478516,/mnt/tidalfs-bdsz01/usr/panlicheng/workspace/ProjDF-OT/results_OT/baselines/iTransformer_ETTh1_192_1.0_0.0_0.0005_type1_10_3_32
iTransformer,336,ETTh1,0.0005,32,3,0,10,type1,0.47985801100730896,0.4571850299835205,/mnt/tidalfs-bdsz01/usr/panlicheng/workspace/ProjDF-OT/results_OT/baselines/iTransformer_ETTh1_336_1.0_0.0_0.0005_type1_10_3_32
iTransformer,720,ETTh1,0.0005,32,3,0,10,type1,0.5035380721092224,0.4915691614151001,/mnt/tidalfs-bdsz01/usr/panlicheng/workspace/ProjDF-OT/results_OT/baselines/iTransformer_ETTh1_720_1.0_0.0_0.0005_type1_10_3_32
iTransformer,96,ETTh2,0.0005,32,3,0,10,type1,0.30134761333465576,0.34924620389938354,/mnt/tidalfs-bdsz01/usr/panlicheng/workspace/ProjDF-OT/results_OT/baselines/iTransformer_ETTh2_96_1.0_0.0_0.0005_type1_10_3_32
iTransformer,192,ETTh2,0.0005,32,3,0,10,type1,0.3830426037311554,0.3971845209598541,/mnt/tidalfs-bdsz01/usr/panlicheng/workspace/ProjDF-OT/results_OT/baselines/iTransformer_ETTh2_192_1.0_0.0_0.0005_type1_10_3_32
iTransformer,336,ETTh2,0.0005,32,3,0,10,type1,0.42490753531455994,0.4322552978992462,/mnt/tidalfs-bdsz01/usr/panlicheng/workspace/ProjDF-OT/results_OT/baselines/iTransformer_ETTh2_336_1.0_0.0_0.0005_type1_10_3_32
iTransformer,720,ETTh2,0.0005,32,3,0,10,type1,0.4362686574459076,0.4484846293926239,/mnt/tidalfs-bdsz01/usr/panlicheng/workspace/ProjDF-OT/results_OT/baselines/iTransformer_ETTh2_720_1.0_0.0_0.0005_type1_10_3_32
iTransformer,96,ETTm1,0.0005,32,3,0,10,type1,0.3378773331642151,0.37228307127952576,/mnt/tidalfs-bdsz01/usr/panlicheng/workspace/ProjDF-OT/results_OT/baselines/iTransformer_ETTm1_96_1.0_0.0_0.0005_type1_10_3_32
iTransformer,192,ETTm1,0.0005,32,3,0,10,type1,0.381665974855423,0.3960603177547455,/mnt/tidalfs-bdsz01/usr/panlicheng/workspace/ProjDF-OT/results_OT/baselines/iTransformer_ETTm1_192_1.0_0.0_0.0005_type1_10_3_32
iTransformer,336,ETTm1,0.0005,32,3,0,10,type1,0.4269934594631195,0.4239615499973297,/mnt/tidalfs-bdsz01/usr/panlicheng/workspace/ProjDF-OT/results_OT/baselines/iTransformer_ETTm1_336_1.0_0.0_0.0005_type1_10_3_32
iTransformer,720,ETTm1,0.0005,32,3,0,10,type1,0.49575042724609375,0.46255767345428467,/mnt/tidalfs-bdsz01/usr/panlicheng/workspace/ProjDF-OT/results_OT/baselines/iTransformer_ETTm1_720_1.0_0.0_0.0005_type1_10_3_32
iTransformer,96,ETTm2,0.0005,32,3,0,10,type1,0.1819678694009781,0.2646723687648773,/mnt/tidalfs-bdsz01/usr/panlicheng/workspace/ProjDF-OT/results_OT/baselines/iTransformer_ETTm2_96_1.0_0.0_0.0005_type1_10_3_32
iTransformer,192,ETTm2,0.0005,32,3,0,10,type1,0.2570236027240753,0.3147820234298706,/mnt/tidalfs-bdsz01/usr/panlicheng/workspace/ProjDF-OT/results_OT/baselines/iTransformer_ETTm2_192_1.0_0.0_0.0005_type1_10_3_32
iTransformer,336,ETTm2,0.0005,32,3,0,10,type1,0.3199232816696167,0.3539818823337555,/mnt/tidalfs-bdsz01/usr/panlicheng/workspace/ProjDF-OT/results_OT/baselines/iTransformer_ETTm2_336_1.0_0.0_0.0005_type1_10_3_32
iTransformer,720,ETTm2,0.0005,32,3,0,10,type1,0.42251771688461304,0.41137436032295227,/mnt/tidalfs-bdsz01/usr/panlicheng/workspace/ProjDF-OT/results_OT/baselines/iTransformer_ETTm2_720_1.0_0.0_0.0005_type1_10_3_32
iTransformer,12,PEMS03,0.0005,32,3,0,10,type1,0.07215499877929688,0.17917500436306,/mnt/tidalfs-bdsz01/usr/panlicheng/workspace/ProjDF-OT/results_OT/baselines/iTransformer_PEMS03_12_1.0_0.0_0.0005_type1_10_3_32
iTransformer,24,PEMS03,0.0005,32,3,0,10,type1,0.10424724966287613,0.2166568785905838,/mnt/tidalfs-bdsz01/usr/panlicheng/workspace/ProjDF-OT/results_OT/baselines/iTransformer_PEMS03_24_1.0_0.0_0.0005_type1_10_3_32
iTransformer,36,PEMS03,0.0005,32,3,0,10,type1,0.13727860152721405,0.2513069212436676,/mnt/tidalfs-bdsz01/usr/panlicheng/workspace/ProjDF-OT/results_OT/baselines/iTransformer_PEMS03_36_1.0_0.0_0.0005_type1_10_3_32
iTransformer,48,PEMS03,0.0005,32,3,0,10,type1,0.17367377877235413,0.2846890985965729,/mnt/tidalfs-bdsz01/usr/panlicheng/workspace/ProjDF-OT/results_OT/baselines/iTransformer_PEMS03_48_1.0_0.0_0.0005_type1_10_3_32
iTransformer,12,PEMS08,0.0005,32,3,0,10,type1,0.08367384970188141,0.18703022599220276,/mnt/tidalfs-bdsz01/usr/panlicheng/workspace/ProjDF-OT/results_OT/baselines/iTransformer_PEMS08_12_1.0_0.0_0.0005_type1_10_3_32
iTransformer,24,PEMS08,0.0005,32,3,0,10,type1,0.12317459285259247,0.2269333451986313,/mnt/tidalfs-bdsz01/usr/panlicheng/workspace/ProjDF-OT/results_OT/baselines/iTransformer_PEMS08_24_1.0_0.0_0.0005_type1_10_3_32
iTransformer,36,PEMS08,0.0005,32,3,0,10,type1,0.16971266269683838,0.26811307668685913,/mnt/tidalfs-bdsz01/usr/panlicheng/workspace/ProjDF-OT/results_OT/baselines/iTransformer_PEMS08_36_1.0_0.0_0.0005_type1_10_3_32
iTransformer,48,PEMS08,0.0005,32,3,0,10,type1,0.21812573075294495,0.30609121918678284,/mnt/tidalfs-bdsz01/usr/panlicheng/workspace/ProjDF-OT/results_OT/baselines/iTransformer_PEMS08_48_1.0_0.0_0.0005_type1_10_3_32
iTransformer,96,Traffic,0.0005,8,3,0,10,type1,0.39655357599258423,0.27116572856903076,/mnt/tidalfs-bdsz01/usr/panlicheng/workspace/ProjDF-OT/results_OT/baselines/iTransformer_Traffic_96_1.0_0.0_0.0005_type1_10_3_8
iTransformer,192,Traffic,0.0005,8,3,0,10,type1,0.41582152247428894,0.2788792550563812,/mnt/tidalfs-bdsz01/usr/panlicheng/workspace/ProjDF-OT/results_OT/baselines/iTransformer_Traffic_192_1.0_0.0_0.0005_type1_10_3_8
iTransformer,336,Traffic,0.0005,8,3,0,10,type1,0.4294383227825165,0.285957396030426,/mnt/tidalfs-bdsz01/usr/panlicheng/workspace/ProjDF-OT/results_OT/baselines/iTransformer_Traffic_336_1.0_0.0_0.0005_type1_10_3_8
iTransformer,720,Traffic,0.0005,8,3,0,10,type1,0.46222132444381714,0.30282506346702576,/mnt/tidalfs-bdsz01/usr/panlicheng/workspace/ProjDF-OT/results_OT/baselines/iTransformer_Traffic_720_1.0_0.0_0.0005_type1_10_3_8
iTransformer,96,Weather,0.0005,32,3,0,10,type1,0.17143234610557556,0.21046756207942963,/mnt/tidalfs-bdsz01/usr/panlicheng/workspace/ProjDF-OT/results_OT/baselines/iTransformer_Weather_96_1.0_0.0_0.0005_type1_10_3_32
iTransformer,192,Weather,0.0005,32,3,0,10,type1,0.24639542400836945,0.2783062756061554,/mnt/tidalfs-bdsz01/usr/panlicheng/workspace/ProjDF-OT/results_OT/baselines/iTransformer_Weather_192_1.0_0.0_0.0005_type1_10_3_32
iTransformer,336,Weather,0.0005,32,3,0,10,type1,0.2962300777435303,0.31296807527542114,/mnt/tidalfs-bdsz01/usr/panlicheng/workspace/ProjDF-OT/results_OT/baselines/iTransformer_Weather_336_1.0_0.0_0.0005_type1_10_3_32
iTransformer,720,Weather,0.0005,32,3,0,10,type1,0.3622972071170807,0.35277941823005676,/mnt/tidalfs-bdsz01/usr/panlicheng/workspace/ProjDF-OT/results_OT/baselines/iTransformer_Weather_720_1.0_0.0_0.0005_type1_10_3_32
