model,pred_len,data_id,learning_rate,batch_size,patience,individual,train_epochs,lradj,mse,mae,mape,mspe,exp_dir
Autoformer,96,ECL,0.0005,32,3,0,10,type1,0.1885109543800354,0.3037818670272827,3.1325321197509766,430756.53125,/data/home/Licheng/workspace/TSF-CCA/results_CCA/baselines/Autoformer_ECL_96_1.0_0.0_0.0005_type1_10_3_32
Autoformer,192,ECL,0.0005,32,3,0,10,type1,0.27089378237724304,0.3705076277256012,3.3881804943084717,313605.1875,/data/home/Licheng/workspace/TSF-CCA/results_CCA/baselines/Autoformer_ECL_192_1.0_0.0_0.0005_type1_10_3_32
Autoformer,336,ECL,0.0005,32,3,0,10,type1,0.24276207387447357,0.3522816300392151,3.6280736923217773,750079.25,/data/home/Licheng/workspace/TSF-CCA/results_CCA/baselines/Autoformer_ECL_336_1.0_0.0_0.0005_type1_10_3_32
Autoformer,720,ECL,0.0005,32,3,0,10,type1,0.2947840392589569,0.38835379481315613,3.420367956161499,387294.53125,/data/home/Licheng/workspace/TSF-CCA/results_CCA/baselines/Autoformer_ECL_720_1.0_0.0_0.0005_type1_10_3_32
Autoformer,96,ETTh1,0.0005,32,3,0,10,type1,0.44874802231788635,0.4649847447872162,12.462099075317383,59067.5703125,/data/home/Licheng/workspace/TSF-CCA/results_CCA/baselines/Autoformer_ETTh1_96_1.0_0.0_0.0005_type1_10_3_32
Autoformer,192,ETTh1,0.0005,32,3,0,10,type1,0.4586491584777832,0.46855679154396057,12.585053443908691,60499.9609375,/data/home/Licheng/workspace/TSF-CCA/results_CCA/baselines/Autoformer_ETTh1_192_1.0_0.0_0.0005_type1_10_3_32
Autoformer,336,ETTh1,0.0005,32,3,0,10,type1,0.510600209236145,0.5003090500831604,13.215880393981934,66041.625,/data/home/Licheng/workspace/TSF-CCA/results_CCA/baselines/Autoformer_ETTh1_336_1.0_0.0_0.0005_type1_10_3_32
Autoformer,720,ETTh1,0.0005,32,3,0,10,type1,0.4881030321121216,0.49754413962364197,12.996566772460938,70195.8984375,/data/home/Licheng/workspace/TSF-CCA/results_CCA/baselines/Autoformer_ETTh1_720_1.0_0.0_0.0005_type1_10_3_32
Autoformer,96,ETTh2,0.0005,32,3,0,10,type1,0.35538628697395325,0.3969402313232422,1.6507588624954224,309.6197204589844,/data/home/Licheng/workspace/TSF-CCA/results_CCA/baselines/Autoformer_ETTh2_96_1.0_0.0_0.0005_type1_10_3_32
Autoformer,192,ETTh2,0.0005,32,3,0,10,type1,0.4784029722213745,0.4708784818649292,2.008965015411377,396.0708923339844,/data/home/Licheng/workspace/TSF-CCA/results_CCA/baselines/Autoformer_ETTh2_192_1.0_0.0_0.0005_type1_10_3_32
Autoformer,336,ETTh2,0.0005,32,3,0,10,type1,0.45866721868515015,0.46948757767677307,1.8306427001953125,384.7058410644531,/data/home/Licheng/workspace/TSF-CCA/results_CCA/baselines/Autoformer_ETTh2_336_1.0_0.0_0.0005_type1_10_3_32
Autoformer,720,ETTh2,0.0005,32,3,0,10,type1,0.4993676543235779,0.5015770196914673,2.600724697113037,843.7998046875,/data/home/Licheng/workspace/TSF-CCA/results_CCA/baselines/Autoformer_ETTh2_720_1.0_0.0_0.0005_type1_10_3_32
Autoformer,96,ETTm1,0.0005,32,3,0,10,type1,0.4853496551513672,0.4684425890445709,2.6034836769104004,343.61138916015625,/data/home/Licheng/workspace/TSF-CCA/results_CCA/baselines/Autoformer_ETTm1_96_1.0_0.0_0.0005_type1_10_3_32
Autoformer,192,ETTm1,0.0005,32,3,0,10,type1,0.5043943524360657,0.48198238015174866,2.7814154624938965,425.5348815917969,/data/home/Licheng/workspace/TSF-CCA/results_CCA/baselines/Autoformer_ETTm1_192_1.0_0.0_0.0005_type1_10_3_32
Autoformer,336,ETTm1,0.0005,32,3,0,10,type1,0.5195745229721069,0.48940378427505493,2.8566460609436035,424.1614990234375,/data/home/Licheng/workspace/TSF-CCA/results_CCA/baselines/Autoformer_ETTm1_336_1.0_0.0_0.0005_type1_10_3_32
Autoformer,720,ETTm1,0.0005,32,3,0,10,type1,0.5941244959831238,0.5234006643295288,2.7931816577911377,386.1000061035156,/data/home/Licheng/workspace/TSF-CCA/results_CCA/baselines/Autoformer_ETTm1_720_1.0_0.0_0.0005_type1_10_3_32
Autoformer,96,ETTm2,0.0005,32,3,0,10,type1,0.21767425537109375,0.30001023411750793,1.1544039249420166,241.65185546875,/data/home/Licheng/workspace/TSF-CCA/results_CCA/baselines/Autoformer_ETTm2_96_1.0_0.0_0.0005_type1_10_3_32
Autoformer,192,ETTm2,0.0005,32,3,0,10,type1,0.28195714950561523,0.3404097259044647,1.2712150812149048,226.5959014892578,/data/home/Licheng/workspace/TSF-CCA/results_CCA/baselines/Autoformer_ETTm2_192_1.0_0.0_0.0005_type1_10_3_32
Autoformer,336,ETTm2,0.0005,32,3,0,10,type1,0.33549925684928894,0.3703792989253998,1.3956384658813477,274.0220642089844,/data/home/Licheng/workspace/TSF-CCA/results_CCA/baselines/Autoformer_ETTm2_336_1.0_0.0_0.0005_type1_10_3_32
Autoformer,720,ETTm2,0.0005,32,3,0,10,type1,0.42295053601264954,0.419941246509552,1.6433650255203247,366.7795715332031,/data/home/Licheng/workspace/TSF-CCA/results_CCA/baselines/Autoformer_ETTm2_720_1.0_0.0_0.0005_type1_10_3_32
Autoformer,12,PEMS03,0.0005,32,3,0,10,type1,0.23277483880519867,0.3655664026737213,2.51967453956604,17026.802734375,/data/home/Licheng/workspace/TSF-CCA/results_CCA/baselines/Autoformer_PEMS03_12_1.0_0.0_0.0005_type1_10_3_32
Autoformer,24,PEMS03,0.0005,32,3,0,10,type1,0.40524858236312866,0.4849313497543335,3.585480213165283,30269.623046875,/data/home/Licheng/workspace/TSF-CCA/results_CCA/baselines/Autoformer_PEMS03_24_1.0_0.0_0.0005_type1_10_3_32
Autoformer,36,PEMS03,0.0005,32,3,0,10,type1,0.32715079188346863,0.41490885615348816,2.8842933177948,20919.490234375,/data/home/Licheng/workspace/TSF-CCA/results_CCA/baselines/Autoformer_PEMS03_36_1.0_0.0_0.0005_type1_10_3_32
Autoformer,48,PEMS03,0.0005,32,3,0,10,type1,0.6794482469558716,0.634450376033783,3.327456474304199,23266.1796875,/data/home/Licheng/workspace/TSF-CCA/results_CCA/baselines/Autoformer_PEMS03_48_1.0_0.0_0.0005_type1_10_3_32
Autoformer,12,PEMS08,0.0005,32,3,0,10,type1,0.2317313551902771,0.33412280678749084,2.366353750228882,12444.9765625,/data/home/Licheng/workspace/TSF-CCA/results_CCA/baselines/Autoformer_PEMS08_12_1.0_0.0_0.0005_type1_10_3_32
Autoformer,24,PEMS08,0.0005,32,3,0,10,type1,0.5446258783340454,0.5503721833229065,4.149199962615967,27202.5703125,/data/home/Licheng/workspace/TSF-CCA/results_CCA/baselines/Autoformer_PEMS08_24_1.0_0.0_0.0005_type1_10_3_32
Autoformer,36,PEMS08,0.0005,32,3,0,10,type1,0.3786486089229584,0.43633705377578735,3.247400999069214,16530.67578125,/data/home/Licheng/workspace/TSF-CCA/results_CCA/baselines/Autoformer_PEMS08_36_1.0_0.0_0.0005_type1_10_3_32
Autoformer,48,PEMS08,0.0005,32,3,0,10,type1,0.5311478972434998,0.5015031695365906,3.465270519256592,18790.193359375,/data/home/Licheng/workspace/TSF-CCA/results_CCA/baselines/Autoformer_PEMS08_48_1.0_0.0_0.0005_type1_10_3_32
Autoformer,96,Traffic,0.0005,4,3,0,10,type1,0.574562668800354,0.3564915359020233,3.9688594341278076,320308.5,/data/home/Licheng/workspace/TSF-CCA/results_CCA/baselines/Autoformer_Traffic_96_1.0_0.0_0.0005_type1_10_3_4
Autoformer,192,Traffic,0.0005,4,3,0,10,type1,0.6470528841018677,0.39413982629776,4.185436725616455,257594.46875,/data/home/Licheng/workspace/TSF-CCA/results_CCA/baselines/Autoformer_Traffic_192_1.0_0.0_0.0005_type1_10_3_4
Autoformer,336,Traffic,0.0005,4,3,0,10,type1,0.6938749551773071,0.44591182470321655,6.037554740905762,1492826.0,/data/home/Licheng/workspace/TSF-CCA/results_CCA/baselines/Autoformer_Traffic_336_1.0_0.0_0.0005_type1_10_3_4
Autoformer,720,Traffic,0.0005,4,3,0,10,type1,0.731273353099823,0.46783342957496643,5.538957595825195,619806.3125,/data/home/Licheng/workspace/TSF-CCA/results_CCA/baselines/Autoformer_Traffic_720_1.0_0.0_0.0005_type1_10_3_4
Autoformer,96,Weather,0.0005,32,3,0,10,type1,0.23260454833507538,0.3057343065738678,4.325088024139404,137382.8125,/data/home/Licheng/workspace/TSF-CCA/results_CCA/baselines/Autoformer_Weather_96_1.0_0.0_0.0005_type1_10_3_32
Autoformer,192,Weather,0.0005,32,3,0,10,type1,0.2855120897293091,0.34716951847076416,4.893106460571289,175067.125,/data/home/Licheng/workspace/TSF-CCA/results_CCA/baselines/Autoformer_Weather_192_1.0_0.0_0.0005_type1_10_3_32
Autoformer,336,Weather,0.0005,32,3,0,10,type1,0.3460947871208191,0.3851419687271118,3.84250545501709,160585.140625,/data/home/Licheng/workspace/TSF-CCA/results_CCA/baselines/Autoformer_Weather_336_1.0_0.0_0.0005_type1_10_3_32
Autoformer,720,Weather,0.0005,32,3,0,10,type1,0.4117349684238434,0.420226126909256,3.981689929962158,118838.078125,/data/home/Licheng/workspace/TSF-CCA/results_CCA/baselines/Autoformer_Weather_720_1.0_0.0_0.0005_type1_10_3_32
CycleNet,96,ECL,0.0005,16,5,0,30,type1,0.1478414386510849,0.24321892857551575,2.4104738235473633,517340.0,/data/home/Licheng/workspace/TSF-CCA/results_CCA/baselines/CycleNet_ECL_96_1.0_0.0_0.0005_type1_30_5_16
CycleNet,192,ECL,0.0005,16,5,0,30,type1,0.1611245572566986,0.25441691279411316,2.551835775375366,584149.6875,/data/home/Licheng/workspace/TSF-CCA/results_CCA/baselines/CycleNet_ECL_192_1.0_0.0_0.0005_type1_30_5_16
CycleNet,336,ECL,0.0005,16,5,0,30,type1,0.178323432803154,0.27162182331085205,2.5057590007781982,395877.71875,/data/home/Licheng/workspace/TSF-CCA/results_CCA/baselines/CycleNet_ECL_336_1.0_0.0_0.0005_type1_30_5_16
CycleNet,720,ECL,0.0005,16,5,0,30,type1,0.21766525506973267,0.3036237359046936,2.580620527267456,230939.359375,/data/home/Licheng/workspace/TSF-CCA/results_CCA/baselines/CycleNet_ECL_720_1.0_0.0_0.0005_type1_30_5_16
CycleNet,96,ETTh1,0.0005,32,5,0,30,type1,0.3956235647201538,0.40370482206344604,9.659939765930176,41678.125,/data/home/Licheng/workspace/TSF-CCA/results_CCA/baselines/CycleNet_ETTh1_96_1.0_0.0_0.0005_type1_30_5_32
CycleNet,192,ETTh1,0.0005,32,5,0,30,type1,0.4450257122516632,0.43135279417037964,9.89813232421875,39757.015625,/data/home/Licheng/workspace/TSF-CCA/results_CCA/baselines/CycleNet_ETTh1_192_1.0_0.0_0.0005_type1_30_5_32
CycleNet,336,ETTh1,0.0005,32,5,0,30,type1,0.4867763817310333,0.45233091711997986,9.90592098236084,41280.046875,/data/home/Licheng/workspace/TSF-CCA/results_CCA/baselines/CycleNet_ETTh1_336_1.0_0.0_0.0005_type1_30_5_32
CycleNet,720,ETTh1,0.0005,32,5,0,30,type1,0.4867434799671173,0.47490739822387695,10.296683311462402,45863.5234375,/data/home/Licheng/workspace/TSF-CCA/results_CCA/baselines/CycleNet_ETTh1_720_1.0_0.0_0.0005_type1_30_5_32
CycleNet,96,ETTh2,0.0005,32,5,0,30,type1,0.2986270785331726,0.3473372161388397,1.4175219535827637,359.7084655761719,/data/home/Licheng/workspace/TSF-CCA/results_CCA/baselines/CycleNet_ETTh2_96_1.0_0.0_0.0005_type1_30_5_32
CycleNet,192,ETTh2,0.0005,32,5,0,30,type1,0.38467904925346375,0.39978450536727905,1.5603793859481812,355.2909240722656,/data/home/Licheng/workspace/TSF-CCA/results_CCA/baselines/CycleNet_ETTh2_192_1.0_0.0_0.0005_type1_30_5_32
CycleNet,336,ETTh2,0.0005,32,5,0,30,type1,0.42600154876708984,0.43554964661598206,1.7788608074188232,456.08087158203125,/data/home/Licheng/workspace/TSF-CCA/results_CCA/baselines/CycleNet_ETTh2_336_1.0_0.0_0.0005_type1_30_5_32
CycleNet,720,ETTh2,0.0005,32,5,0,30,type1,0.4376113712787628,0.4504547715187073,2.008331060409546,607.9117431640625,/data/home/Licheng/workspace/TSF-CCA/results_CCA/baselines/CycleNet_ETTh2_720_1.0_0.0_0.0005_type1_30_5_32
CycleNet,96,ETTm1,0.0005,32,5,0,30,type1,0.34163931012153625,0.3675400912761688,2.070788621902466,302.56646728515625,/data/home/Licheng/workspace/TSF-CCA/results_CCA/baselines/CycleNet_ETTm1_96_1.0_0.0_0.0005_type1_30_5_32
CycleNet,192,ETTm1,0.0005,32,5,0,30,type1,0.37892064452171326,0.3848487138748169,2.1554296016693115,326.89678955078125,/data/home/Licheng/workspace/TSF-CCA/results_CCA/baselines/CycleNet_ETTm1_192_1.0_0.0_0.0005_type1_30_5_32
CycleNet,336,ETTm1,0.0005,32,5,0,30,type1,0.4089929163455963,0.40451034903526306,2.2237792015075684,332.2371520996094,/data/home/Licheng/workspace/TSF-CCA/results_CCA/baselines/CycleNet_ETTm1_336_1.0_0.0_0.0005_type1_30_5_32
CycleNet,720,ETTm1,0.0005,32,5,0,30,type1,0.46576637029647827,0.43628010153770447,2.3916049003601074,381.30535888671875,/data/home/Licheng/workspace/TSF-CCA/results_CCA/baselines/CycleNet_ETTm1_720_1.0_0.0_0.0005_type1_30_5_32
CycleNet,96,ETTm2,0.0005,32,5,0,30,type1,0.17188246548175812,0.25515300035476685,1.1003831624984741,234.05056762695312,/data/home/Licheng/workspace/TSF-CCA/results_CCA/baselines/CycleNet_ETTm2_96_1.0_0.0_0.0005_type1_30_5_32
CycleNet,192,ETTm2,0.0005,32,5,0,30,type1,0.23804637789726257,0.29755645990371704,1.2176698446273804,246.06948852539062,/data/home/Licheng/workspace/TSF-CCA/results_CCA/baselines/CycleNet_ETTm2_192_1.0_0.0_0.0005_type1_30_5_32
CycleNet,336,ETTm2,0.0005,32,5,0,30,type1,0.3004339635372162,0.33791810274124146,1.330679178237915,275.652099609375,/data/home/Licheng/workspace/TSF-CCA/results_CCA/baselines/CycleNet_ETTm2_336_1.0_0.0_0.0005_type1_30_5_32
CycleNet,720,ETTm2,0.0005,32,5,0,30,type1,0.4008205235004425,0.39502376317977905,1.5226271152496338,352.3459777832031,/data/home/Licheng/workspace/TSF-CCA/results_CCA/baselines/CycleNet_ETTm2_720_1.0_0.0_0.0005_type1_30_5_32
CycleNet,12,PEMS03,0.0005,32,5,0,30,type1,0.07405654340982437,0.18451403081417084,1.4935401678085327,7621.5068359375,/data/home/Licheng/workspace/TSF-CCA/results_CCA/baselines/CycleNet_PEMS03_12_1.0_0.0_0.0005_type1_30_5_32
CycleNet,24,PEMS03,0.0005,32,5,0,30,type1,0.10750093311071396,0.2235538810491562,1.8098093271255493,9687.2470703125,/data/home/Licheng/workspace/TSF-CCA/results_CCA/baselines/CycleNet_PEMS03_24_1.0_0.0_0.0005_type1_30_5_32
CycleNet,36,PEMS03,0.0005,32,5,0,30,type1,0.13982422649860382,0.2559410631656647,2.0182108879089355,11426.8486328125,/data/home/Licheng/workspace/TSF-CCA/results_CCA/baselines/CycleNet_PEMS03_36_1.0_0.0_0.0005_type1_30_5_32
CycleNet,48,PEMS03,0.0005,32,5,0,30,type1,0.1678934246301651,0.28174638748168945,2.1722571849823,12497.5693359375,/data/home/Licheng/workspace/TSF-CCA/results_CCA/baselines/CycleNet_PEMS03_48_1.0_0.0_0.0005_type1_30_5_32
CycleNet,12,PEMS08,0.0005,32,5,0,30,type1,0.08675556629896164,0.19354446232318878,1.610809564590454,4804.03515625,/data/home/Licheng/workspace/TSF-CCA/results_CCA/baselines/CycleNet_PEMS08_12_1.0_0.0_0.0005_type1_30_5_32
CycleNet,24,PEMS08,0.0005,32,5,0,30,type1,0.12759537994861603,0.2384204864501953,1.971159815788269,7309.0048828125,/data/home/Licheng/workspace/TSF-CCA/results_CCA/baselines/CycleNet_PEMS08_24_1.0_0.0_0.0005_type1_30_5_32
CycleNet,36,PEMS08,0.0005,32,5,0,30,type1,0.16862298548221588,0.2765849828720093,2.215301752090454,8958.533203125,/data/home/Licheng/workspace/TSF-CCA/results_CCA/baselines/CycleNet_PEMS08_36_1.0_0.0_0.0005_type1_30_5_32
CycleNet,48,PEMS08,0.0005,32,5,0,30,type1,0.20624791085720062,0.30855706334114075,2.3685367107391357,9894.3232421875,/data/home/Licheng/workspace/TSF-CCA/results_CCA/baselines/CycleNet_PEMS08_48_1.0_0.0_0.0005_type1_30_5_32
CycleNet,96,Traffic,0.0005,8,5,0,30,type1,0.4928542971611023,0.32544252276420593,3.7828454971313477,351401.8125,/data/home/Licheng/workspace/TSF-CCA/results_CCA/baselines/CycleNet_Traffic_96_1.0_0.0_0.0005_type1_30_5_8
CycleNet,192,Traffic,0.0005,8,5,0,30,type1,0.4924945831298828,0.31956711411476135,3.7467305660247803,377407.3125,/data/home/Licheng/workspace/TSF-CCA/results_CCA/baselines/CycleNet_Traffic_192_1.0_0.0_0.0005_type1_30_5_8
CycleNet,336,Traffic,0.0005,8,5,0,30,type1,0.4952191710472107,0.314523309469223,3.5500502586364746,285885.0,/data/home/Licheng/workspace/TSF-CCA/results_CCA/baselines/CycleNet_Traffic_336_1.0_0.0_0.0005_type1_30_5_8
CycleNet,720,Traffic,0.0005,8,5,0,30,type1,0.522695779800415,0.33009618520736694,3.5510122776031494,260737.734375,/data/home/Licheng/workspace/TSF-CCA/results_CCA/baselines/CycleNet_Traffic_720_1.0_0.0_0.0005_type1_30_5_8
CycleNet,96,Weather,0.0005,32,5,0,30,type1,0.17988520860671997,0.2225448042154312,2.892080783843994,87726.875,/data/home/Licheng/workspace/TSF-CCA/results_CCA/baselines/CycleNet_Weather_96_1.0_0.0_0.0005_type1_30_5_32
CycleNet,192,Weather,0.0005,32,5,0,30,type1,0.23076583445072174,0.26351198554039,3.2874996662139893,107113.953125,/data/home/Licheng/workspace/TSF-CCA/results_CCA/baselines/CycleNet_Weather_192_1.0_0.0_0.0005_type1_30_5_32
CycleNet,336,Weather,0.0005,32,5,0,30,type1,0.28167903423309326,0.29953131079673767,3.5007216930389404,122077.0546875,/data/home/Licheng/workspace/TSF-CCA/results_CCA/baselines/CycleNet_Weather_336_1.0_0.0_0.0005_type1_30_5_32
CycleNet,720,Weather,0.0005,32,5,0,30,type1,0.35360288619995117,0.34626418352127075,3.4771201610565186,89020.1328125,/data/home/Licheng/workspace/TSF-CCA/results_CCA/baselines/CycleNet_Weather_720_1.0_0.0_0.0005_type1_30_5_32
DLinear,96,ECL,0.0005,32,3,0,10,type1,0.19702474772930145,0.2823767364025116,2.5765600204467773,553746.875,/data/home/Licheng/workspace/TSF-CCA/results_CCA/baselines/DLinear_ECL_96_1.0_0.0_0.0005_type1_10_3_32
DLinear,192,ECL,0.0005,32,3,0,10,type1,0.1965537816286087,0.2855641543865204,2.594102382659912,479839.9375,/data/home/Licheng/workspace/TSF-CCA/results_CCA/baselines/DLinear_ECL_192_1.0_0.0_0.0005_type1_10_3_32
DLinear,336,ECL,0.0005,32,3,0,10,type1,0.20946459472179413,0.30093708634376526,2.5517680644989014,341836.03125,/data/home/Licheng/workspace/TSF-CCA/results_CCA/baselines/DLinear_ECL_336_1.0_0.0_0.0005_type1_10_3_32
DLinear,720,ECL,0.0005,32,3,0,10,type1,0.24484862387180328,0.33350154757499695,2.670616865158081,233659.734375,/data/home/Licheng/workspace/TSF-CCA/results_CCA/baselines/DLinear_ECL_720_1.0_0.0_0.0005_type1_10_3_32
DLinear,96,ETTh1,0.0005,32,3,0,10,type1,0.3889424204826355,0.4036716818809509,8.601435661315918,37319.7109375,/data/home/Licheng/workspace/TSF-CCA/results_CCA/baselines/DLinear_ETTh1_96_1.0_0.0_0.0005_type1_10_3_32
DLinear,192,ETTh1,0.0005,32,3,0,10,type1,0.44221821427345276,0.4398763179779053,8.219743728637695,29248.615234375,/data/home/Licheng/workspace/TSF-CCA/results_CCA/baselines/DLinear_ETTh1_192_1.0_0.0_0.0005_type1_10_3_32
DLinear,336,ETTh1,0.0005,32,3,0,10,type1,0.4884740114212036,0.46659550070762634,8.482680320739746,30940.40234375,/data/home/Licheng/workspace/TSF-CCA/results_CCA/baselines/DLinear_ETTh1_336_1.0_0.0_0.0005_type1_10_3_32
DLinear,720,ETTh1,0.0005,32,3,0,10,type1,0.5050578117370605,0.5024269819259644,8.928096771240234,32566.1015625,/data/home/Licheng/workspace/TSF-CCA/results_CCA/baselines/DLinear_ETTh1_720_1.0_0.0_0.0005_type1_10_3_32
DLinear,96,ETTh2,0.0005,32,3,0,10,type1,0.33002421259880066,0.3825846314430237,1.2926980257034302,306.18853759765625,/data/home/Licheng/workspace/TSF-CCA/results_CCA/baselines/DLinear_ETTh2_96_1.0_0.0_0.0005_type1_10_3_32
DLinear,192,ETTh2,0.0005,32,3,0,10,type1,0.439167320728302,0.4495277404785156,1.3520640134811401,266.5336608886719,/data/home/Licheng/workspace/TSF-CCA/results_CCA/baselines/DLinear_ETTh2_192_1.0_0.0_0.0005_type1_10_3_32
DLinear,336,ETTh2,0.0005,32,3,0,10,type1,0.5893800258636475,0.5375152230262756,1.4030983448028564,249.09173583984375,/data/home/Licheng/workspace/TSF-CCA/results_CCA/baselines/DLinear_ETTh2_336_1.0_0.0_0.0005_type1_10_3_32
DLinear,720,ETTh2,0.0005,32,3,0,10,type1,0.7571782469749451,0.6262186765670776,1.4519912004470825,234.9376220703125,/data/home/Licheng/workspace/TSF-CCA/results_CCA/baselines/DLinear_ETTh2_720_1.0_0.0_0.0005_type1_10_3_32
DLinear,96,ETTm1,0.0005,32,3,0,10,type1,0.3458496630191803,0.37335026264190674,1.9772995710372925,294.79168701171875,/data/home/Licheng/workspace/TSF-CCA/results_CCA/baselines/DLinear_ETTm1_96_1.0_0.0_0.0005_type1_10_3_32
DLinear,192,ETTm1,0.0005,32,3,0,10,type1,0.3803097605705261,0.38993409276008606,2.0154175758361816,298.4136047363281,/data/home/Licheng/workspace/TSF-CCA/results_CCA/baselines/DLinear_ETTm1_192_1.0_0.0_0.0005_type1_10_3_32
DLinear,336,ETTm1,0.0005,32,3,0,10,type1,0.41324299573898315,0.4139361083507538,2.026536226272583,288.7119140625,/data/home/Licheng/workspace/TSF-CCA/results_CCA/baselines/DLinear_ETTm1_336_1.0_0.0_0.0005_type1_10_3_32
DLinear,720,ETTm1,0.0005,32,3,0,10,type1,0.4717453122138977,0.44986268877983093,2.133551597595215,322.36920166015625,/data/home/Licheng/workspace/TSF-CCA/results_CCA/baselines/DLinear_ETTm1_720_1.0_0.0_0.0005_type1_10_3_32
DLinear,96,ETTm2,0.0005,32,3,0,10,type1,0.1878827065229416,0.28294479846954346,1.110853672027588,229.47447204589844,/data/home/Licheng/workspace/TSF-CCA/results_CCA/baselines/DLinear_ETTm2_96_1.0_0.0_0.0005_type1_10_3_32
DLinear,192,ETTm2,0.0005,32,3,0,10,type1,0.27969470620155334,0.3557722568511963,1.1623533964157104,208.319091796875,/data/home/Licheng/workspace/TSF-CCA/results_CCA/baselines/DLinear_ETTm2_192_1.0_0.0_0.0005_type1_10_3_32
DLinear,336,ETTm2,0.0005,32,3,0,10,type1,0.3753751218318939,0.4202502965927124,1.2164746522903442,207.5074920654297,/data/home/Licheng/workspace/TSF-CCA/results_CCA/baselines/DLinear_ETTm2_336_1.0_0.0_0.0005_type1_10_3_32
DLinear,720,ETTm2,0.0005,32,3,0,10,type1,0.525771975517273,0.5081155300140381,1.3036130666732788,220.34507751464844,/data/home/Licheng/workspace/TSF-CCA/results_CCA/baselines/DLinear_ETTm2_720_1.0_0.0_0.0005_type1_10_3_32
DLinear,12,PEMS03,0.0005,32,3,0,10,type1,0.10502497851848602,0.22041785717010498,1.6362718343734741,10454.982421875,/data/home/Licheng/workspace/TSF-CCA/results_CCA/baselines/DLinear_PEMS03_12_1.0_0.0_0.0005_type1_10_3_32
DLinear,24,PEMS03,0.0005,32,3,0,10,type1,0.1828930675983429,0.29687005281448364,2.0474607944488525,14811.8486328125,/data/home/Licheng/workspace/TSF-CCA/results_CCA/baselines/DLinear_PEMS03_24_1.0_0.0_0.0005_type1_10_3_32
DLinear,36,PEMS03,0.0005,32,3,0,10,type1,0.2576790452003479,0.3613201081752777,2.254117965698242,16119.3623046875,/data/home/Licheng/workspace/TSF-CCA/results_CCA/baselines/DLinear_PEMS03_36_1.0_0.0_0.0005_type1_10_3_32
DLinear,48,PEMS03,0.0005,32,3,0,10,type1,0.31870585680007935,0.410236656665802,2.4446847438812256,16632.189453125,/data/home/Licheng/workspace/TSF-CCA/results_CCA/baselines/DLinear_PEMS03_48_1.0_0.0_0.0005_type1_10_3_32
DLinear,12,PEMS08,0.0005,32,3,0,10,type1,0.11296194046735764,0.22522109746932983,1.6881721019744873,4598.96142578125,/data/home/Licheng/workspace/TSF-CCA/results_CCA/baselines/DLinear_PEMS08_12_1.0_0.0_0.0005_type1_10_3_32
DLinear,24,PEMS08,0.0005,32,3,0,10,type1,0.1986701488494873,0.30211690068244934,2.1575045585632324,8764.373046875,/data/home/Licheng/workspace/TSF-CCA/results_CCA/baselines/DLinear_PEMS08_24_1.0_0.0_0.0005_type1_10_3_32
DLinear,36,PEMS08,0.0005,32,3,0,10,type1,0.2945089340209961,0.3706391751766205,2.491791009902954,11810.201171875,/data/home/Licheng/workspace/TSF-CCA/results_CCA/baselines/DLinear_PEMS08_36_1.0_0.0_0.0005_type1_10_3_32
DLinear,48,PEMS08,0.0005,32,3,0,10,type1,0.3889409303665161,0.428529292345047,2.719299077987671,13090.8916015625,/data/home/Licheng/workspace/TSF-CCA/results_CCA/baselines/DLinear_PEMS08_48_1.0_0.0_0.0005_type1_10_3_32
DLinear,96,Traffic,0.0005,4,3,0,10,type1,0.6488514542579651,0.3965752422809601,5.040677547454834,2138061.25,/data/home/Licheng/workspace/TSF-CCA/results_CCA/baselines/DLinear_Traffic_96_1.0_0.0_0.0005_type1_10_3_4
DLinear,192,Traffic,0.0005,4,3,0,10,type1,0.5984793305397034,0.370913565158844,4.48470401763916,1305271.125,/data/home/Licheng/workspace/TSF-CCA/results_CCA/baselines/DLinear_Traffic_192_1.0_0.0_0.0005_type1_10_3_4
DLinear,336,Traffic,0.0005,4,3,0,10,type1,0.6052410006523132,0.3733278810977936,4.284814834594727,1068125.75,/data/home/Licheng/workspace/TSF-CCA/results_CCA/baselines/DLinear_Traffic_336_1.0_0.0_0.0005_type1_10_3_4
DLinear,720,Traffic,0.0005,4,3,0,10,type1,0.6457996964454651,0.3953804075717926,4.207886695861816,777247.5,/data/home/Licheng/workspace/TSF-CCA/results_CCA/baselines/DLinear_Traffic_720_1.0_0.0_0.0005_type1_10_3_4
DLinear,96,Weather,0.0005,32,3,0,10,type1,0.19397175312042236,0.2532319128513336,2.513913154602051,55619.62109375,/data/home/Licheng/workspace/TSF-CCA/results_CCA/baselines/DLinear_Weather_96_1.0_0.0_0.0005_type1_10_3_32
DLinear,192,Weather,0.0005,32,3,0,10,type1,0.23785743117332458,0.29627272486686707,2.6075730323791504,51480.1640625,/data/home/Licheng/workspace/TSF-CCA/results_CCA/baselines/DLinear_Weather_192_1.0_0.0_0.0005_type1_10_3_32
DLinear,336,Weather,0.0005,32,3,0,10,type1,0.28182488679885864,0.332035094499588,2.6247751712799072,50459.08203125,/data/home/Licheng/workspace/TSF-CCA/results_CCA/baselines/DLinear_Weather_336_1.0_0.0_0.0005_type1_10_3_32
DLinear,720,Weather,0.0005,32,3,0,10,type1,0.3474990427494049,0.38491612672805786,2.479001998901367,33919.76953125,/data/home/Licheng/workspace/TSF-CCA/results_CCA/baselines/DLinear_Weather_720_1.0_0.0_0.0005_type1_10_3_32
DLinear_Ind,96,ECL,0.0005,32,3,1,10,type1,0.18815860152244568,0.27776843309402466,2.558854341506958,511422.03125,/data/home/Licheng/workspace/TSF-CCA/results_CCA/baselines/DLinear_ECL_96_1.0_0.0_0.0005_type1_10_3_32_1
DLinear_Ind,192,ECL,0.0005,32,3,1,10,type1,0.18841968476772308,0.2810494601726532,2.620368003845215,508519.34375,/data/home/Licheng/workspace/TSF-CCA/results_CCA/baselines/DLinear_ECL_192_1.0_0.0_0.0005_type1_10_3_32_1
DLinear_Ind,336,ECL,0.0005,32,3,1,10,type1,0.20184487104415894,0.2964346706867218,2.581577777862549,381442.625,/data/home/Licheng/workspace/TSF-CCA/results_CCA/baselines/DLinear_ECL_336_1.0_0.0_0.0005_type1_10_3_32_1
DLinear_Ind,720,ECL,0.0005,32,3,1,10,type1,0.2377375066280365,0.3289467394351959,2.6353423595428467,230582.328125,/data/home/Licheng/workspace/TSF-CCA/results_CCA/baselines/DLinear_ECL_720_1.0_0.0_0.0005_type1_10_3_32_1
DLinear_Ind,96,ETTh1,0.0005,32,3,1,10,type1,0.38679784536361694,0.39850664138793945,9.149489402770996,38035.35546875,/data/home/Licheng/workspace/TSF-CCA/results_CCA/baselines/DLinear_ETTh1_96_1.0_0.0_0.0005_type1_10_3_32_1
DLinear_Ind,192,ETTh1,0.0005,32,3,1,10,type1,0.44593381881713867,0.43441617488861084,9.102505683898926,33719.71875,/data/home/Licheng/workspace/TSF-CCA/results_CCA/baselines/DLinear_ETTh1_192_1.0_0.0_0.0005_type1_10_3_32_1
DLinear_Ind,336,ETTh1,0.0005,32,3,1,10,type1,0.4855463206768036,0.45328488945961,8.88670825958252,34476.84375,/data/home/Licheng/workspace/TSF-CCA/results_CCA/baselines/DLinear_ETTh1_336_1.0_0.0_0.0005_type1_10_3_32_1
DLinear_Ind,720,ETTh1,0.0005,32,3,1,10,type1,0.5037798881530762,0.4887036085128784,8.404509544372559,30162.388671875,/data/home/Licheng/workspace/TSF-CCA/results_CCA/baselines/DLinear_ETTh1_720_1.0_0.0_0.0005_type1_10_3_32_1
DLinear_Ind,96,ETTh2,0.0005,32,3,1,10,type1,0.5699768662452698,0.48914802074432373,1.3291425704956055,352.47265625,/data/home/Licheng/workspace/TSF-CCA/results_CCA/baselines/DLinear_ETTh2_96_1.0_0.0_0.0005_type1_10_3_32_1
DLinear_Ind,192,ETTh2,0.0005,32,3,1,10,type1,0.803598940372467,0.5876509547233582,1.3770992755889893,283.08740234375,/data/home/Licheng/workspace/TSF-CCA/results_CCA/baselines/DLinear_ETTh2_192_1.0_0.0_0.0005_type1_10_3_32_1
DLinear_Ind,336,ETTh2,0.0005,32,3,1,10,type1,1.0152418613433838,0.6680451035499573,1.460193395614624,273.1889953613281,/data/home/Licheng/workspace/TSF-CCA/results_CCA/baselines/DLinear_ETTh2_336_1.0_0.0_0.0005_type1_10_3_32_1
DLinear_Ind,720,ETTh2,0.0005,32,3,1,10,type1,1.2311253547668457,0.750737190246582,1.403975009918213,176.91651916503906,/data/home/Licheng/workspace/TSF-CCA/results_CCA/baselines/DLinear_ETTh2_720_1.0_0.0_0.0005_type1_10_3_32_1
DLinear_Ind,96,ETTm1,0.0005,32,3,1,10,type1,0.3291541039943695,0.3631829023361206,2.0041167736053467,321.9225158691406,/data/home/Licheng/workspace/TSF-CCA/results_CCA/baselines/DLinear_ETTm1_96_1.0_0.0_0.0005_type1_10_3_32_1
DLinear_Ind,192,ETTm1,0.0005,32,3,1,10,type1,0.3664713203907013,0.3814316391944885,2.0532352924346924,311.3721008300781,/data/home/Licheng/workspace/TSF-CCA/results_CCA/baselines/DLinear_ETTm1_192_1.0_0.0_0.0005_type1_10_3_32_1
DLinear_Ind,336,ETTm1,0.0005,32,3,1,10,type1,0.3961869776248932,0.4016381502151489,2.0384559631347656,288.1804504394531,/data/home/Licheng/workspace/TSF-CCA/results_CCA/baselines/DLinear_ETTm1_336_1.0_0.0_0.0005_type1_10_3_32_1
DLinear_Ind,720,ETTm1,0.0005,32,3,1,10,type1,0.4604909420013428,0.43844521045684814,2.1146061420440674,320.3359069824219,/data/home/Licheng/workspace/TSF-CCA/results_CCA/baselines/DLinear_ETTm1_720_1.0_0.0_0.0005_type1_10_3_32_1
DLinear_Ind,96,ETTm2,0.0005,32,3,1,10,type1,0.2362433820962906,0.31998687982559204,1.116898775100708,228.19215393066406,/data/home/Licheng/workspace/TSF-CCA/results_CCA/baselines/DLinear_ETTm2_96_1.0_0.0_0.0005_type1_10_3_32_1
DLinear_Ind,192,ETTm2,0.0005,32,3,1,10,type1,0.40143513679504395,0.4098578691482544,1.2075238227844238,223.6969451904297,/data/home/Licheng/workspace/TSF-CCA/results_CCA/baselines/DLinear_ETTm2_192_1.0_0.0_0.0005_type1_10_3_32_1
DLinear_Ind,336,ETTm2,0.0005,32,3,1,10,type1,0.576191246509552,0.5020701885223389,1.2452422380447388,213.68775939941406,/data/home/Licheng/workspace/TSF-CCA/results_CCA/baselines/DLinear_ETTm2_336_1.0_0.0_0.0005_type1_10_3_32_1
DLinear_Ind,720,ETTm2,0.0005,32,3,1,10,type1,1.0055301189422607,0.6572340130805969,1.3818401098251343,245.9492950439453,/data/home/Licheng/workspace/TSF-CCA/results_CCA/baselines/DLinear_ETTm2_720_1.0_0.0_0.0005_type1_10_3_32_1
DLinear_Ind,12,PEMS03,0.0005,32,3,1,10,type1,0.10211775451898575,0.2192559838294983,1.6414031982421875,11703.6650390625,/data/home/Licheng/workspace/TSF-CCA/results_CCA/baselines/DLinear_PEMS03_12_1.0_0.0_0.0005_type1_10_3_32_1
DLinear_Ind,24,PEMS03,0.0005,32,3,1,10,type1,0.17560148239135742,0.2936181426048279,2.0196163654327393,15412.734375,/data/home/Licheng/workspace/TSF-CCA/results_CCA/baselines/DLinear_PEMS03_24_1.0_0.0_0.0005_type1_10_3_32_1
DLinear_Ind,36,PEMS03,0.0005,32,3,1,10,type1,0.24670740962028503,0.35620614886283875,2.2209904193878174,17466.57421875,/data/home/Licheng/workspace/TSF-CCA/results_CCA/baselines/DLinear_PEMS03_36_1.0_0.0_0.0005_type1_10_3_32_1
DLinear_Ind,48,PEMS03,0.0005,32,3,1,10,type1,0.30571478605270386,0.40445396304130554,2.405278444290161,18478.52734375,/data/home/Licheng/workspace/TSF-CCA/results_CCA/baselines/DLinear_PEMS03_48_1.0_0.0_0.0005_type1_10_3_32_1
DLinear_Ind,12,PEMS08,0.0005,32,3,1,10,type1,0.11949160695075989,0.23046503961086273,1.721337914466858,5262.06787109375,/data/home/Licheng/workspace/TSF-CCA/results_CCA/baselines/DLinear_PEMS08_12_1.0_0.0_0.0005_type1_10_3_32_1
DLinear_Ind,24,PEMS08,0.0005,32,3,1,10,type1,0.20462124049663544,0.3055117726325989,2.1947364807128906,9656.97265625,/data/home/Licheng/workspace/TSF-CCA/results_CCA/baselines/DLinear_PEMS08_24_1.0_0.0_0.0005_type1_10_3_32_1
DLinear_Ind,36,PEMS08,0.0005,32,3,1,10,type1,0.296821653842926,0.3712913990020752,2.495753765106201,12354.2021484375,/data/home/Licheng/workspace/TSF-CCA/results_CCA/baselines/DLinear_PEMS08_36_1.0_0.0_0.0005_type1_10_3_32_1
DLinear_Ind,48,PEMS08,0.0005,32,3,1,10,type1,0.38760748505592346,0.4259498715400696,2.6713178157806396,12825.701171875,/data/home/Licheng/workspace/TSF-CCA/results_CCA/baselines/DLinear_PEMS08_48_1.0_0.0_0.0005_type1_10_3_32_1
DLinear_Ind,96,Traffic,0.0005,4,3,1,10,type1,0.6479613780975342,0.40413281321525574,4.8286213874816895,1296290.5,/data/home/Licheng/workspace/TSF-CCA/results_CCA/baselines/DLinear_Traffic_96_1.0_0.0_0.0005_type1_10_3_4_1
DLinear_Ind,192,Traffic,0.0005,4,3,1,10,type1,0.6028915047645569,0.3773486018180847,4.3360915184021,830717.4375,/data/home/Licheng/workspace/TSF-CCA/results_CCA/baselines/DLinear_Traffic_192_1.0_0.0_0.0005_type1_10_3_4_1
DLinear_Ind,336,Traffic,0.0005,4,3,1,10,type1,0.6085463166236877,0.37925365567207336,4.183338642120361,688491.4375,/data/home/Licheng/workspace/TSF-CCA/results_CCA/baselines/DLinear_Traffic_336_1.0_0.0_0.0005_type1_10_3_4_1
DLinear_Ind,720,Traffic,0.0005,4,3,1,10,type1,0.6473203897476196,0.4000886082649231,4.171004772186279,574941.5625,/data/home/Licheng/workspace/TSF-CCA/results_CCA/baselines/DLinear_Traffic_720_1.0_0.0_0.0005_type1_10_3_4_1
DLinear_Ind,96,Weather,0.0005,32,3,1,10,type1,0.164179265499115,0.2374219000339508,2.212674140930176,57909.53125,/data/home/Licheng/workspace/TSF-CCA/results_CCA/baselines/DLinear_Weather_96_1.0_0.0_0.0005_type1_10_3_32_1
DLinear_Ind,192,Weather,0.0005,32,3,1,10,type1,0.20596253871917725,0.27893632650375366,2.4003989696502686,57507.49609375,/data/home/Licheng/workspace/TSF-CCA/results_CCA/baselines/DLinear_Weather_192_1.0_0.0_0.0005_type1_10_3_32_1
DLinear_Ind,336,Weather,0.0005,32,3,1,10,type1,0.26063594222068787,0.32407426834106445,2.4303464889526367,52578.9140625,/data/home/Licheng/workspace/TSF-CCA/results_CCA/baselines/DLinear_Weather_336_1.0_0.0_0.0005_type1_10_3_32_1
DLinear_Ind,720,Weather,0.0005,32,3,1,10,type1,0.33764857053756714,0.37876808643341064,2.380241870880127,39695.8359375,/data/home/Licheng/workspace/TSF-CCA/results_CCA/baselines/DLinear_Weather_720_1.0_0.0_0.0005_type1_10_3_32_1
FEDformer,96,ECL,0.0005,32,3,0,10,type1,0.18672272562980652,0.30210015177726746,3.2693631649017334,715740.5625,/data/home/Licheng/workspace/TSF-CCA/results_CCA/baselines/FEDformer_ECL_96_1.0_0.0_0.0005_type1_10_3_32
FEDformer,192,ECL,0.0005,32,3,0,10,type1,0.20694005489349365,0.3218899369239807,3.401359796524048,636534.0,/data/home/Licheng/workspace/TSF-CCA/results_CCA/baselines/FEDformer_ECL_192_1.0_0.0_0.0005_type1_10_3_32
FEDformer,336,ECL,0.0005,32,3,0,10,type1,0.21063917875289917,0.32648155093193054,3.2293691635131836,344484.84375,/data/home/Licheng/workspace/TSF-CCA/results_CCA/baselines/FEDformer_ECL_336_1.0_0.0_0.0005_type1_10_3_32
FEDformer,720,ECL,0.0005,32,3,0,10,type1,0.2525409758090973,0.36144357919692993,3.4221248626708984,237183.84375,/data/home/Licheng/workspace/TSF-CCA/results_CCA/baselines/FEDformer_ECL_720_1.0_0.0_0.0005_type1_10_3_32
FEDformer,96,ETTh1,0.0005,32,3,0,10,type1,0.39102432131767273,0.432856023311615,12.387367248535156,63078.06640625,/data/home/Licheng/workspace/TSF-CCA/results_CCA/baselines/FEDformer_ETTh1_96_1.0_0.0_0.0005_type1_10_3_32
FEDformer,192,ETTh1,0.0005,32,3,0,10,type1,0.41768595576286316,0.4482528567314148,12.508122444152832,58841.17578125,/data/home/Licheng/workspace/TSF-CCA/results_CCA/baselines/FEDformer_ETTh1_192_1.0_0.0_0.0005_type1_10_3_32
FEDformer,336,ETTh1,0.0005,32,3,0,10,type1,0.4870549440383911,0.4844449460506439,12.128091812133789,57900.890625,/data/home/Licheng/workspace/TSF-CCA/results_CCA/baselines/FEDformer_ETTh1_336_1.0_0.0_0.0005_type1_10_3_32
FEDformer,720,ETTh1,0.0005,32,3,0,10,type1,0.4941749572753906,0.513733446598053,13.82239818572998,75520.4453125,/data/home/Licheng/workspace/TSF-CCA/results_CCA/baselines/FEDformer_ETTh1_720_1.0_0.0_0.0005_type1_10_3_32
FEDformer,96,ETTh2,0.0005,32,3,0,10,type1,0.35141903162002563,0.39081668853759766,1.4911456108093262,258.8781433105469,/data/home/Licheng/workspace/TSF-CCA/results_CCA/baselines/FEDformer_ETTh2_96_1.0_0.0_0.0005_type1_10_3_32
FEDformer,192,ETTh2,0.0005,32,3,0,10,type1,0.4562305212020874,0.45565053820610046,1.9578787088394165,456.75445556640625,/data/home/Licheng/workspace/TSF-CCA/results_CCA/baselines/FEDformer_ETTh2_192_1.0_0.0_0.0005_type1_10_3_32
FEDformer,336,ETTh2,0.0005,32,3,0,10,type1,0.4771290719509125,0.49171051383018494,2.532320022583008,538.5333862304688,/data/home/Licheng/workspace/TSF-CCA/results_CCA/baselines/FEDformer_ETTh2_336_1.0_0.0_0.0005_type1_10_3_32
FEDformer,720,ETTh2,0.0005,32,3,0,10,type1,0.5221592783927917,0.5053715109825134,2.3941314220428467,747.9872436523438,/data/home/Licheng/workspace/TSF-CCA/results_CCA/baselines/FEDformer_ETTh2_720_1.0_0.0_0.0005_type1_10_3_32
FEDformer,96,ETTm1,0.0005,32,3,0,10,type1,0.40084582567214966,0.4336603879928589,2.64497447013855,401.12274169921875,/data/home/Licheng/workspace/TSF-CCA/results_CCA/baselines/FEDformer_ETTm1_96_1.0_0.0_0.0005_type1_10_3_32
FEDformer,192,ETTm1,0.0005,32,3,0,10,type1,0.41489800810813904,0.4464244246482849,2.7196531295776367,408.4812927246094,/data/home/Licheng/workspace/TSF-CCA/results_CCA/baselines/FEDformer_ETTm1_192_1.0_0.0_0.0005_type1_10_3_32
FEDformer,336,ETTm1,0.0005,32,3,0,10,type1,0.43181854486465454,0.44956713914871216,2.5576624870300293,344.1547546386719,/data/home/Licheng/workspace/TSF-CCA/results_CCA/baselines/FEDformer_ETTm1_336_1.0_0.0_0.0005_type1_10_3_32
FEDformer,720,ETTm1,0.0005,32,3,0,10,type1,0.522394061088562,0.5000726580619812,2.7920138835906982,399.39813232421875,/data/home/Licheng/workspace/TSF-CCA/results_CCA/baselines/FEDformer_ETTm1_720_1.0_0.0_0.0005_type1_10_3_32
FEDformer,96,ETTm2,0.0005,32,3,0,10,type1,0.2054848074913025,0.28906822204589844,1.1888707876205444,256.6499328613281,/data/home/Licheng/workspace/TSF-CCA/results_CCA/baselines/FEDformer_ETTm2_96_1.0_0.0_0.0005_type1_10_3_32
FEDformer,192,ETTm2,0.0005,32,3,0,10,type1,0.27069008350372314,0.33441677689552307,1.3263078927993774,229.9954376220703,/data/home/Licheng/workspace/TSF-CCA/results_CCA/baselines/FEDformer_ETTm2_192_1.0_0.0_0.0005_type1_10_3_32
FEDformer,336,ETTm2,0.0005,32,3,0,10,type1,0.32717856764793396,0.36593323945999146,1.4672139883041382,266.6344909667969,/data/home/Licheng/workspace/TSF-CCA/results_CCA/baselines/FEDformer_ETTm2_336_1.0_0.0_0.0005_type1_10_3_32
FEDformer,720,ETTm2,0.0005,32,3,0,10,type1,0.42774248123168945,0.4252030551433563,1.821755290031433,479.24920654296875,/data/home/Licheng/workspace/TSF-CCA/results_CCA/baselines/FEDformer_ETTm2_720_1.0_0.0_0.0005_type1_10_3_32
FEDformer,12,PEMS03,0.0005,32,3,0,10,type1,0.10845185071229935,0.2286282479763031,1.619850993156433,6062.91259765625,/data/home/Licheng/workspace/TSF-CCA/results_CCA/baselines/FEDformer_PEMS03_12_1.0_0.0_0.0005_type1_10_3_32
FEDformer,24,PEMS03,0.0005,32,3,0,10,type1,0.130944162607193,0.2545838952064514,1.8137786388397217,7546.6767578125,/data/home/Licheng/workspace/TSF-CCA/results_CCA/baselines/FEDformer_PEMS03_24_1.0_0.0_0.0005_type1_10_3_32
FEDformer,36,PEMS03,0.0005,32,3,0,10,type1,0.15922193229198456,0.28498658537864685,2.0227253437042236,10966.1064453125,/data/home/Licheng/workspace/TSF-CCA/results_CCA/baselines/FEDformer_PEMS03_36_1.0_0.0_0.0005_type1_10_3_32
FEDformer,48,PEMS03,0.0005,32,3,0,10,type1,0.20909246802330017,0.33100083470344543,2.3046460151672363,14270.1142578125,/data/home/Licheng/workspace/TSF-CCA/results_CCA/baselines/FEDformer_PEMS03_48_1.0_0.0_0.0005_type1_10_3_32
FEDformer,12,PEMS08,0.0005,32,3,0,10,type1,0.162519171833992,0.2577342689037323,2.033931255340576,9605.32421875,/data/home/Licheng/workspace/TSF-CCA/results_CCA/baselines/FEDformer_PEMS08_12_1.0_0.0_0.0005_type1_10_3_32
FEDformer,24,PEMS08,0.0005,32,3,0,10,type1,0.1970776915550232,0.28758424520492554,2.3384926319122314,11967.0888671875,/data/home/Licheng/workspace/TSF-CCA/results_CCA/baselines/FEDformer_PEMS08_24_1.0_0.0_0.0005_type1_10_3_32
FEDformer,36,PEMS08,0.0005,32,3,0,10,type1,0.24118943512439728,0.3262353539466858,2.5985302925109863,13001.728515625,/data/home/Licheng/workspace/TSF-CCA/results_CCA/baselines/FEDformer_PEMS08_36_1.0_0.0_0.0005_type1_10_3_32
FEDformer,48,PEMS08,0.0005,32,3,0,10,type1,0.3020095229148865,0.3751170337200165,2.78351092338562,12581.3828125,/data/home/Licheng/workspace/TSF-CCA/results_CCA/baselines/FEDformer_PEMS08_48_1.0_0.0_0.0005_type1_10_3_32
FEDformer,96,Traffic,0.0005,4,3,0,10,type1,0.5882208347320557,0.36691123247146606,4.247366428375244,469217.84375,/data/home/Licheng/workspace/TSF-CCA/results_CCA/baselines/FEDformer_Traffic_96_1.0_0.0_0.0005_type1_10_3_4
FEDformer,192,Traffic,0.0005,4,3,0,10,type1,0.61347496509552,0.3767834007740021,3.962820053100586,218561.734375,/data/home/Licheng/workspace/TSF-CCA/results_CCA/baselines/FEDformer_Traffic_192_1.0_0.0_0.0005_type1_10_3_4
FEDformer,336,Traffic,0.0005,4,3,0,10,type1,0.6395249366760254,0.3977344334125519,4.514549732208252,555390.4375,/data/home/Licheng/workspace/TSF-CCA/results_CCA/baselines/FEDformer_Traffic_336_1.0_0.0_0.0005_type1_10_3_4
FEDformer,720,Traffic,0.0005,4,3,0,10,type1,0.7178198099136353,0.45003238320350647,5.315046310424805,799885.9375,/data/home/Licheng/workspace/TSF-CCA/results_CCA/baselines/FEDformer_Traffic_720_1.0_0.0_0.0005_type1_10_3_4
FEDformer,96,Weather,0.0005,32,3,0,10,type1,0.23454812169075012,0.31010717153549194,4.075448036193848,132263.8125,/data/home/Licheng/workspace/TSF-CCA/results_CCA/baselines/FEDformer_Weather_96_1.0_0.0_0.0005_type1_10_3_32
FEDformer,192,Weather,0.0005,32,3,0,10,type1,0.2949097454547882,0.3527556359767914,3.50229811668396,79587.8828125,/data/home/Licheng/workspace/TSF-CCA/results_CCA/baselines/FEDformer_Weather_192_1.0_0.0_0.0005_type1_10_3_32
FEDformer,336,Weather,0.0005,32,3,0,10,type1,0.36409318447113037,0.39683905243873596,3.9815797805786133,107912.2734375,/data/home/Licheng/workspace/TSF-CCA/results_CCA/baselines/FEDformer_Weather_336_1.0_0.0_0.0005_type1_10_3_32
FEDformer,720,Weather,0.0005,32,3,0,10,type1,0.41111329197883606,0.42850178480148315,4.319366455078125,83877.546875,/data/home/Licheng/workspace/TSF-CCA/results_CCA/baselines/FEDformer_Weather_720_1.0_0.0_0.0005_type1_10_3_32
FreTS,96,ECL,0.0005,16,3,0,10,type1,0.1799144744873047,0.2663211524486542,2.6613292694091797,770806.0,/data/home/Licheng/workspace/TSF-CCA/results_CCA/baselines/FreTS_ECL_96_1.0_0.0_0.0005_type1_10_3_16
FreTS,192,ECL,0.0005,16,3,0,10,type1,0.18419094383716583,0.27248385548591614,2.7854907512664795,841834.4375,/data/home/Licheng/workspace/TSF-CCA/results_CCA/baselines/FreTS_ECL_192_1.0_0.0_0.0005_type1_10_3_16
FreTS,336,ECL,0.0005,16,3,0,10,type1,0.19920453429222107,0.2896699607372284,2.7397449016571045,632235.5,/data/home/Licheng/workspace/TSF-CCA/results_CCA/baselines/FreTS_ECL_336_1.0_0.0_0.0005_type1_10_3_16
FreTS,720,ECL,0.0005,16,3,0,10,type1,0.23437091708183289,0.32192981243133545,2.8626880645751953,436116.75,/data/home/Licheng/workspace/TSF-CCA/results_CCA/baselines/FreTS_ECL_720_1.0_0.0_0.0005_type1_10_3_16
FreTS,96,ETTh1,0.0005,32,3,0,10,type1,0.39820852875709534,0.40934276580810547,9.443928718566895,42015.09375,/data/home/Licheng/workspace/TSF-CCA/results_CCA/baselines/FreTS_ETTh1_96_1.0_0.0_0.0005_type1_10_3_32
FreTS,192,ETTh1,0.0005,32,3,0,10,type1,0.4508873522281647,0.4424583613872528,9.352701187133789,35933.17578125,/data/home/Licheng/workspace/TSF-CCA/results_CCA/baselines/FreTS_ETTh1_192_1.0_0.0_0.0005_type1_10_3_32
FreTS,336,ETTh1,0.0005,32,3,0,10,type1,0.5005543828010559,0.4715646505355835,9.147239685058594,33287.54296875,/data/home/Licheng/workspace/TSF-CCA/results_CCA/baselines/FreTS_ETTh1_336_1.0_0.0_0.0005_type1_10_3_32
FreTS,720,ETTh1,0.0005,32,3,0,10,type1,0.6076951622962952,0.5706942081451416,10.254963874816895,37615.953125,/data/home/Licheng/workspace/TSF-CCA/results_CCA/baselines/FreTS_ETTh1_720_1.0_0.0_0.0005_type1_10_3_32
FreTS,96,ETTh2,0.0005,32,3,0,10,type1,0.315257728099823,0.3736221492290497,1.4781702756881714,409.88323974609375,/data/home/Licheng/workspace/TSF-CCA/results_CCA/baselines/FreTS_ETTh2_96_1.0_0.0_0.0005_type1_10_3_32
FreTS,192,ETTh2,0.0005,32,3,0,10,type1,0.46607840061187744,0.4665719270706177,1.5832080841064453,386.1949462890625,/data/home/Licheng/workspace/TSF-CCA/results_CCA/baselines/FreTS_ETTh2_192_1.0_0.0_0.0005_type1_10_3_32
FreTS,336,ETTh2,0.0005,32,3,0,10,type1,0.521734356880188,0.5018897652626038,1.5659184455871582,336.1343078613281,/data/home/Licheng/workspace/TSF-CCA/results_CCA/baselines/FreTS_ETTh2_336_1.0_0.0_0.0005_type1_10_3_32
FreTS,720,ETTh2,0.0005,32,3,0,10,type1,0.7920379042625427,0.642590343952179,1.6175334453582764,291.2726745605469,/data/home/Licheng/workspace/TSF-CCA/results_CCA/baselines/FreTS_ETTh2_720_1.0_0.0_0.0005_type1_10_3_32
FreTS,96,ETTm1,0.0005,32,3,0,10,type1,0.3418392539024353,0.3745572566986084,2.174668312072754,371.1253356933594,/data/home/Licheng/workspace/TSF-CCA/results_CCA/baselines/FreTS_ETTm1_96_1.0_0.0_0.0005_type1_10_3_32
FreTS,192,ETTm1,0.0005,32,3,0,10,type1,0.38453584909439087,0.40040743350982666,2.1878163814544678,368.7281188964844,/data/home/Licheng/workspace/TSF-CCA/results_CCA/baselines/FreTS_ETTm1_192_1.0_0.0_0.0005_type1_10_3_32
FreTS,336,ETTm1,0.0005,32,3,0,10,type1,0.41598597168922424,0.42057767510414124,2.2458598613739014,367.410400390625,/data/home/Licheng/workspace/TSF-CCA/results_CCA/baselines/FreTS_ETTm1_336_1.0_0.0_0.0005_type1_10_3_32
FreTS,720,ETTm1,0.0005,32,3,0,10,type1,0.5133016705513,0.4891858696937561,2.211674928665161,339.133056640625,/data/home/Licheng/workspace/TSF-CCA/results_CCA/baselines/FreTS_ETTm1_720_1.0_0.0_0.0005_type1_10_3_32
FreTS,96,ETTm2,0.0005,32,3,0,10,type1,0.18836908042430878,0.2787044942378998,1.187118649482727,249.3236083984375,/data/home/Licheng/workspace/TSF-CCA/results_CCA/baselines/FreTS_ETTm2_96_1.0_0.0_0.0005_type1_10_3_32
FreTS,192,ETTm2,0.0005,32,3,0,10,type1,0.2641710340976715,0.3291310966014862,1.2388378381729126,222.18678283691406,/data/home/Licheng/workspace/TSF-CCA/results_CCA/baselines/FreTS_ETTm2_192_1.0_0.0_0.0005_type1_10_3_32
FreTS,336,ETTm2,0.0005,32,3,0,10,type1,0.3223746418952942,0.3691590428352356,1.3869469165802002,256.51190185546875,/data/home/Licheng/workspace/TSF-CCA/results_CCA/baselines/FreTS_ETTm2_336_1.0_0.0_0.0005_type1_10_3_32
FreTS,720,ETTm2,0.0005,32,3,0,10,type1,0.4890476167201996,0.48154136538505554,1.5866354703903198,331.4170837402344,/data/home/Licheng/workspace/TSF-CCA/results_CCA/baselines/FreTS_ETTm2_720_1.0_0.0_0.0005_type1_10_3_32
FreTS,12,PEMS03,0.0005,32,3,0,10,type1,0.0853414535522461,0.197742760181427,1.6366270780563354,9865.5947265625,/data/home/Licheng/workspace/TSF-CCA/results_CCA/baselines/FreTS_PEMS03_12_1.0_0.0_0.0005_type1_10_3_32
FreTS,24,PEMS03,0.0005,32,3,0,10,type1,0.12895967066287994,0.24366997182369232,2.041565179824829,13037.1015625,/data/home/Licheng/workspace/TSF-CCA/results_CCA/baselines/FreTS_PEMS03_24_1.0_0.0_0.0005_type1_10_3_32
FreTS,36,PEMS03,0.0005,32,3,0,10,type1,0.1729929894208908,0.28586986660957336,2.2979061603546143,14939.669921875,/data/home/Licheng/workspace/TSF-CCA/results_CCA/baselines/FreTS_PEMS03_36_1.0_0.0_0.0005_type1_10_3_32
FreTS,48,PEMS03,0.0005,32,3,0,10,type1,0.20686030387878418,0.3151184022426605,2.4773781299591064,15954.794921875,/data/home/Licheng/workspace/TSF-CCA/results_CCA/baselines/FreTS_PEMS03_48_1.0_0.0_0.0005_type1_10_3_32
FreTS,12,PEMS08,0.0005,32,3,0,10,type1,0.09620891511440277,0.2052035927772522,1.718603253364563,5185.20263671875,/data/home/Licheng/workspace/TSF-CCA/results_CCA/baselines/FreTS_PEMS08_12_1.0_0.0_0.0005_type1_10_3_32
FreTS,24,PEMS08,0.0005,32,3,0,10,type1,0.15055787563323975,0.2583062946796417,2.1423394680023193,7997.697265625,/data/home/Licheng/workspace/TSF-CCA/results_CCA/baselines/FreTS_PEMS08_24_1.0_0.0_0.0005_type1_10_3_32
FreTS,36,PEMS08,0.0005,32,3,0,10,type1,0.20311599969863892,0.30290594696998596,2.4335269927978516,9031.95703125,/data/home/Licheng/workspace/TSF-CCA/results_CCA/baselines/FreTS_PEMS08_36_1.0_0.0_0.0005_type1_10_3_32
FreTS,48,PEMS08,0.0005,32,3,0,10,type1,0.24685314297676086,0.33438825607299805,2.573870897293091,9521.130859375,/data/home/Licheng/workspace/TSF-CCA/results_CCA/baselines/FreTS_PEMS08_48_1.0_0.0_0.0005_type1_10_3_32
FreTS,96,Traffic,0.0005,8,3,0,10,type1,0.5314222574234009,0.32329925894737244,3.815542221069336,511081.96875,/data/home/Licheng/workspace/TSF-CCA/results_CCA/baselines/FreTS_Traffic_96_1.0_0.0_0.0005_type1_10_3_8
FreTS,192,Traffic,0.0005,8,3,0,10,type1,0.5185437798500061,0.32141876220703125,3.6334800720214844,352655.46875,/data/home/Licheng/workspace/TSF-CCA/results_CCA/baselines/FreTS_Traffic_192_1.0_0.0_0.0005_type1_10_3_8
FreTS,336,Traffic,0.0005,8,3,0,10,type1,0.5291821360588074,0.3274318277835846,3.550386428833008,288856.3125,/data/home/Licheng/workspace/TSF-CCA/results_CCA/baselines/FreTS_Traffic_336_1.0_0.0_0.0005_type1_10_3_8
FreTS,720,Traffic,0.0005,8,3,0,10,type1,0.5732153654098511,0.34599751234054565,3.579627752304077,287111.78125,/data/home/Licheng/workspace/TSF-CCA/results_CCA/baselines/FreTS_Traffic_720_1.0_0.0_0.0005_type1_10_3_8
FreTS,96,Weather,0.0005,32,3,0,10,type1,0.17368343472480774,0.22773674130439758,2.66233491897583,68795.71875,/data/home/Licheng/workspace/TSF-CCA/results_CCA/baselines/FreTS_Weather_96_1.0_0.0_0.0005_type1_10_3_32
FreTS,192,Weather,0.0005,32,3,0,10,type1,0.212845578789711,0.26609164476394653,3.028916358947754,66976.59375,/data/home/Licheng/workspace/TSF-CCA/results_CCA/baselines/FreTS_Weather_192_1.0_0.0_0.0005_type1_10_3_32
FreTS,336,Weather,0.0005,32,3,0,10,type1,0.270492285490036,0.31591519713401794,3.3955752849578857,58422.40234375,/data/home/Licheng/workspace/TSF-CCA/results_CCA/baselines/FreTS_Weather_336_1.0_0.0_0.0005_type1_10_3_32
FreTS,720,Weather,0.0005,32,3,0,10,type1,0.3372206389904022,0.362298846244812,3.2050414085388184,43321.5703125,/data/home/Licheng/workspace/TSF-CCA/results_CCA/baselines/FreTS_Weather_720_1.0_0.0_0.0005_type1_10_3_32
Fredformer,96,ECL,0.01,32,5,0,100,TST,0.16101814806461334,0.25759145617485046,2.6451759338378906,720210.625,/data/home/Licheng/workspace/TSF-CCA/results_CCA/baselines/Fredformer_ECL_96_1.0_0.0_0.01_TST_100_5_32_640_3_8_640_32
Fredformer,192,ECL,0.01,32,5,0,100,TST,0.17358548939228058,0.26946982741355896,2.893690824508667,1027059.9375,/data/home/Licheng/workspace/TSF-CCA/results_CCA/baselines/Fredformer_ECL_192_1.0_0.0_0.01_TST_100_5_32_640_3_8_640_32
Fredformer,336,ECL,0.01,32,5,0,100,TST,0.19410815834999084,0.2903970777988434,2.8017218112945557,898138.125,/data/home/Licheng/workspace/TSF-CCA/results_CCA/baselines/Fredformer_ECL_336_1.0_0.0_0.01_TST_100_5_32_640_3_8_640_32
Fredformer,720,ECL,0.01,32,5,0,100,TST,0.2346724569797516,0.31938430666923523,2.9084432125091553,515946.0625,/data/home/Licheng/workspace/TSF-CCA/results_CCA/baselines/Fredformer_ECL_720_1.0_0.0_0.01_TST_100_5_32_640_3_8_640_32
Fredformer,96,ETTh1,0.0001,128,10,0,100,type3,0.37719348073005676,0.3958878517150879,9.944390296936035,46256.3828125,/data/home/Licheng/workspace/TSF-CCA/results_CCA/baselines/Fredformer_ETTh1_96_1.0_0.0_0.0001_type3_100_10_128_128_2_8_96_32
Fredformer,192,ETTh1,0.0001,128,10,0,100,type3,0.4370187819004059,0.42538982629776,10.211589813232422,43178.5234375,/data/home/Licheng/workspace/TSF-CCA/results_CCA/baselines/Fredformer_ETTh1_192_1.0_0.0_0.0001_type3_100_10_128_128_2_8_96_32
Fredformer,336,ETTh1,0.0001,128,10,0,100,type3,0.4857693314552307,0.44857990741729736,10.103607177734375,42596.515625,/data/home/Licheng/workspace/TSF-CCA/results_CCA/baselines/Fredformer_ETTh1_336_1.0_0.0_0.0001_type3_100_10_128_128_2_8_96_32
Fredformer,720,ETTh1,0.0001,128,10,0,100,type3,0.487772136926651,0.4673515260219574,10.4950590133667,44325.48046875,/data/home/Licheng/workspace/TSF-CCA/results_CCA/baselines/Fredformer_ETTh1_720_1.0_0.0_0.0001_type3_100_10_128_128_2_8_96_32
Fredformer,96,ETTh2,0.0001,128,10,0,100,type3,0.29337629675865173,0.3438819348812103,1.4866424798965454,439.58856201171875,/data/home/Licheng/workspace/TSF-CCA/results_CCA/baselines/Fredformer_ETTh2_96_1.0_0.0_0.0001_type3_100_10_128_164_2_8_96_32
Fredformer,192,ETTh2,0.0001,128,10,0,100,type3,0.37195080518722534,0.391173779964447,1.6006078720092773,423.4568786621094,/data/home/Licheng/workspace/TSF-CCA/results_CCA/baselines/Fredformer_ETTh2_192_1.0_0.0_0.0001_type3_100_10_128_164_2_8_96_32
Fredformer,336,ETTh2,0.0001,128,10,0,100,type3,0.4203943908214569,0.43348708748817444,1.9043359756469727,588.4615478515625,/data/home/Licheng/workspace/TSF-CCA/results_CCA/baselines/Fredformer_ETTh2_336_1.0_0.0_0.0001_type3_100_10_128_128_2_8_96_32
Fredformer,720,ETTh2,0.0001,128,10,0,100,type3,0.42067527770996094,0.43915268778800964,2.003377676010132,586.5910034179688,/data/home/Licheng/workspace/TSF-CCA/results_CCA/baselines/Fredformer_ETTh2_720_1.0_0.0_0.0001_type3_100_10_128_128_2_8_96_32
Fredformer,96,ETTm1,0.0001,128,10,0,100,TST,0.3263689875602722,0.360869437456131,2.129910707473755,336.1178283691406,/data/home/Licheng/workspace/TSF-CCA/results_CCA/baselines/Fredformer_ETTm1_96_1.0_0.0_0.0001_TST_100_10_128_128_2_8_96_32
Fredformer,192,ETTm1,0.0001,128,10,0,100,TST,0.3651944398880005,0.3821316659450531,2.237605094909668,368.8202819824219,/data/home/Licheng/workspace/TSF-CCA/results_CCA/baselines/Fredformer_ETTm1_192_1.0_0.0_0.0001_TST_100_10_128_128_2_8_96_32
Fredformer,336,ETTm1,0.0001,128,10,0,100,TST,0.3959866464138031,0.40436896681785583,2.2666943073272705,345.6993713378906,/data/home/Licheng/workspace/TSF-CCA/results_CCA/baselines/Fredformer_ETTm1_336_1.0_0.0_0.0001_TST_100_10_128_128_2_8_96_32
Fredformer,720,ETTm1,0.0001,128,10,0,100,TST,0.45921728014945984,0.4443422257900238,2.441436529159546,412.0710754394531,/data/home/Licheng/workspace/TSF-CCA/results_CCA/baselines/Fredformer_ETTm1_720_1.0_0.0_0.0001_TST_100_10_128_164_2_8_96_32
Fredformer,96,ETTm2,0.0001,128,10,0,100,TST,0.1770319938659668,0.25992557406425476,1.1396485567092896,256.1583251953125,/data/home/Licheng/workspace/TSF-CCA/results_CCA/baselines/Fredformer_ETTm2_96_1.0_0.0_0.0001_TST_100_10_128_164_2_8_96_32
Fredformer,192,ETTm2,0.0001,128,10,0,100,TST,0.2416391372680664,0.2996726632118225,1.258813500404358,272.1290588378906,/data/home/Licheng/workspace/TSF-CCA/results_CCA/baselines/Fredformer_ETTm2_192_1.0_0.0_0.0001_TST_100_10_128_164_2_8_96_32
Fredformer,336,ETTm2,0.0001,128,10,0,100,TST,0.3018493950366974,0.3401988446712494,1.3714981079101562,297.6654968261719,/data/home/Licheng/workspace/TSF-CCA/results_CCA/baselines/Fredformer_ETTm2_336_1.0_0.0_0.0001_TST_100_10_128_128_2_8_96_32
Fredformer,720,ETTm2,0.0001,128,10,0,100,TST,0.39881885051727295,0.39673879742622375,1.5723117589950562,373.6911926269531,/data/home/Licheng/workspace/TSF-CCA/results_CCA/baselines/Fredformer_ETTm2_720_1.0_0.0_0.0001_TST_100_10_128_128_2_8_96_32
Fredformer,12,PEMS03,0.01,32,5,0,100,TST,0.08054382354021072,0.19134527444839478,1.5521029233932495,9368.8662109375,/data/home/Licheng/workspace/TSF-CCA/results_CCA/baselines/Fredformer_PEMS03_12_1.0_0.0_0.01_TST_100_5_32_640_3_8_640_32
Fredformer,24,PEMS03,0.01,32,5,0,100,TST,0.12085317075252533,0.23956100642681122,1.8350188732147217,10979.283203125,/data/home/Licheng/workspace/TSF-CCA/results_CCA/baselines/Fredformer_PEMS03_24_1.0_0.0_0.01_TST_100_5_32_640_3_8_640_32
Fredformer,36,PEMS03,0.01,32,5,0,100,TST,0.18033045530319214,0.29245230555534363,2.0872139930725098,12781.09375,/data/home/Licheng/workspace/TSF-CCA/results_CCA/baselines/Fredformer_PEMS03_36_1.0_0.0_0.01_TST_100_5_32_640_3_8_640_32
Fredformer,48,PEMS03,0.01,32,5,0,100,TST,0.20148275792598724,0.3156605362892151,2.0625550746917725,11018.25,/data/home/Licheng/workspace/TSF-CCA/results_CCA/baselines/Fredformer_PEMS03_48_1.0_0.0_0.01_TST_100_5_32_640_3_8_640_32
Fredformer,12,PEMS08,0.01,32,5,0,100,TST,0.090727798640728,0.1986607015132904,1.6788640022277832,5527.73681640625,/data/home/Licheng/workspace/TSF-CCA/results_CCA/baselines/Fredformer_PEMS08_12_1.0_0.0_0.01_TST_100_5_32_640_3_8_640_32
Fredformer,24,PEMS08,0.01,32,5,0,100,TST,0.13805299997329712,0.24549295008182526,2.021195650100708,8139.7060546875,/data/home/Licheng/workspace/TSF-CCA/results_CCA/baselines/Fredformer_PEMS08_24_1.0_0.0_0.01_TST_100_5_32_640_3_8_640_32
Fredformer,36,PEMS08,0.01,32,5,0,100,TST,0.19921353459358215,0.3033343553543091,2.184979200363159,7286.9111328125,/data/home/Licheng/workspace/TSF-CCA/results_CCA/baselines/Fredformer_PEMS08_36_1.0_0.0_0.01_TST_100_5_32_640_3_8_640_32
Fredformer,48,PEMS08,0.01,32,5,0,100,TST,0.25482121109962463,0.3382721245288849,2.681081533432007,15147.697265625,/data/home/Licheng/workspace/TSF-CCA/results_CCA/baselines/Fredformer_PEMS08_48_1.0_0.0_0.01_TST_100_5_32_640_3_8_640_32
Fredformer,96,Traffic,0.01,32,5,0,100,TST,0.4605758786201477,0.32721662521362305,3.569791555404663,304713.875,/data/home/Licheng/workspace/TSF-CCA/results_CCA/baselines/Fredformer_Traffic_96_1.0_0.0_0.01_TST_100_5_32_512_3_8_512_32
Fredformer,192,Traffic,0.01,32,5,0,100,TST,0.46951305866241455,0.3257967531681061,3.733989715576172,306478.0,/data/home/Licheng/workspace/TSF-CCA/results_CCA/baselines/Fredformer_Traffic_192_1.0_0.0_0.01_TST_100_5_32_512_3_8_512_32
Fredformer,336,Traffic,0.01,32,5,0,100,TST,0.4918484091758728,0.33833953738212585,3.6174559593200684,234830.890625,/data/home/Licheng/workspace/TSF-CCA/results_CCA/baselines/Fredformer_Traffic_336_1.0_0.0_0.01_TST_100_5_32_640_3_8_640_48
Fredformer,720,Traffic,0.01,32,5,0,100,TST,0.5213066339492798,0.3527655601501465,3.6793649196624756,274060.15625,/data/home/Licheng/workspace/TSF-CCA/results_CCA/baselines/Fredformer_Traffic_720_1.0_0.0_0.01_TST_100_5_32_640_3_8_640_48
Fredformer,96,Weather,0.001,128,5,0,100,type3,0.1801917850971222,0.21976283192634583,2.783883810043335,75991.328125,/data/home/Licheng/workspace/TSF-CCA/results_CCA/baselines/Fredformer_Weather_96_1.0_0.0_0.001_type3_100_5_128_32_3_8_32_8
Fredformer,192,Weather,0.001,128,5,0,100,type3,0.22237907350063324,0.2576284408569336,3.196040391921997,103390.328125,/data/home/Licheng/workspace/TSF-CCA/results_CCA/baselines/Fredformer_Weather_192_1.0_0.0_0.001_type3_100_5_128_32_3_8_32_8
Fredformer,336,Weather,0.001,128,5,0,100,type3,0.28349193930625916,0.30097562074661255,3.5260255336761475,139641.515625,/data/home/Licheng/workspace/TSF-CCA/results_CCA/baselines/Fredformer_Weather_336_1.0_0.0_0.001_type3_100_5_128_16_3_8_32_8
Fredformer,720,Weather,0.001,128,5,0,100,type3,0.35765591263771057,0.34849968552589417,3.509636402130127,98341.8046875,/data/home/Licheng/workspace/TSF-CCA/results_CCA/baselines/Fredformer_Weather_720_1.0_0.0_0.001_type3_100_5_128_16_3_8_32_8
MICN,96,ECL,0.0005,16,3,0,10,type1,0.1703472137451172,0.2812265455722809,2.7225358486175537,462478.0,/data/home/Licheng/workspace/TSF-CCA/results_CCA/baselines/MICN_ECL_96_1.0_0.0_0.0005_type1_10_3_16
MICN,192,ECL,0.0005,16,3,0,10,type1,0.18467238545417786,0.2974346876144409,3.0996081829071045,792511.375,/data/home/Licheng/workspace/TSF-CCA/results_CCA/baselines/MICN_ECL_192_1.0_0.0_0.0005_type1_10_3_16
MICN,336,ECL,0.0005,16,3,0,10,type1,0.18983127176761627,0.29795369505882263,2.7618892192840576,291957.46875,/data/home/Licheng/workspace/TSF-CCA/results_CCA/baselines/MICN_ECL_336_1.0_0.0_0.0005_type1_10_3_16
MICN,720,ECL,0.0005,16,3,0,10,type1,0.22140437364578247,0.3294471204280853,2.975804328918457,221457.015625,/data/home/Licheng/workspace/TSF-CCA/results_CCA/baselines/MICN_ECL_720_1.0_0.0_0.0005_type1_10_3_16
MICN,96,ETTh1,0.0005,32,3,0,10,type1,0.3813273310661316,0.4160930812358856,9.919389724731445,35014.24609375,/data/home/Licheng/workspace/TSF-CCA/results_CCA/baselines/MICN_ETTh1_96_1.0_0.0_0.0005_type1_10_3_32
MICN,192,ETTh1,0.0005,32,3,0,10,type1,0.49747219681739807,0.4885152280330658,12.18240737915039,50759.5390625,/data/home/Licheng/workspace/TSF-CCA/results_CCA/baselines/MICN_ETTh1_192_1.0_0.0_0.0005_type1_10_3_32
MICN,336,ETTh1,0.0005,32,3,0,10,type1,0.5886313915252686,0.5552853941917419,12.705306053161621,58707.5,/data/home/Licheng/workspace/TSF-CCA/results_CCA/baselines/MICN_ETTh1_336_1.0_0.0_0.0005_type1_10_3_32
MICN,720,ETTh1,0.0005,32,3,0,10,type1,0.6649391651153564,0.617056667804718,14.118804931640625,70680.6328125,/data/home/Licheng/workspace/TSF-CCA/results_CCA/baselines/MICN_ETTh1_720_1.0_0.0_0.0005_type1_10_3_32
MICN,96,ETTh2,0.0005,32,3,0,10,type1,0.3509851396083832,0.3976043164730072,1.3942012786865234,322.1760559082031,/data/home/Licheng/workspace/TSF-CCA/results_CCA/baselines/MICN_ETTh2_96_1.0_0.0_0.0005_type1_10_3_32
MICN,192,ETTh2,0.0005,32,3,0,10,type1,0.49232515692710876,0.48865944147109985,1.4470345973968506,295.3523864746094,/data/home/Licheng/workspace/TSF-CCA/results_CCA/baselines/MICN_ETTh2_192_1.0_0.0_0.0005_type1_10_3_32
MICN,336,ETTh2,0.0005,32,3,0,10,type1,0.6559667587280273,0.5815703868865967,1.994014859199524,435.92657470703125,/data/home/Licheng/workspace/TSF-CCA/results_CCA/baselines/MICN_ETTh2_336_1.0_0.0_0.0005_type1_10_3_32
MICN,720,ETTh2,0.0005,32,3,0,10,type1,0.9806205630302429,0.7177400588989258,1.642439603805542,287.013916015625,/data/home/Licheng/workspace/TSF-CCA/results_CCA/baselines/MICN_ETTh2_720_1.0_0.0_0.0005_type1_10_3_32
MICN,96,ETTm1,0.0005,32,3,0,10,type1,0.31946420669555664,0.36553481221199036,2.0737791061401367,310.1227111816406,/data/home/Licheng/workspace/TSF-CCA/results_CCA/baselines/MICN_ETTm1_96_1.0_0.0_0.0005_type1_10_3_32
MICN,192,ETTm1,0.0005,32,3,0,10,type1,0.3643985688686371,0.39543986320495605,2.030809164047241,258.5014343261719,/data/home/Licheng/workspace/TSF-CCA/results_CCA/baselines/MICN_ETTm1_192_1.0_0.0_0.0005_type1_10_3_32
MICN,336,ETTm1,0.0005,32,3,0,10,type1,0.39525505900382996,0.42525714635849,2.1068978309631348,266.6463317871094,/data/home/Licheng/workspace/TSF-CCA/results_CCA/baselines/MICN_ETTm1_336_1.0_0.0_0.0005_type1_10_3_32
MICN,720,ETTm1,0.0005,32,3,0,10,type1,0.5054510831832886,0.49878764152526855,2.329637050628662,290.4482116699219,/data/home/Licheng/workspace/TSF-CCA/results_CCA/baselines/MICN_ETTm1_720_1.0_0.0_0.0005_type1_10_3_32
MICN,96,ETTm2,0.0005,32,3,0,10,type1,0.17836609482765198,0.276881605386734,1.0899261236190796,190.564453125,/data/home/Licheng/workspace/TSF-CCA/results_CCA/baselines/MICN_ETTm2_96_1.0_0.0_0.0005_type1_10_3_32
MICN,192,ETTm2,0.0005,32,3,0,10,type1,0.2661745846271515,0.34302660822868347,1.0716609954833984,168.85897827148438,/data/home/Licheng/workspace/TSF-CCA/results_CCA/baselines/MICN_ETTm2_192_1.0_0.0_0.0005_type1_10_3_32
MICN,336,ETTm2,0.0005,32,3,0,10,type1,0.29886502027511597,0.35417670011520386,1.2169556617736816,214.71026611328125,/data/home/Licheng/workspace/TSF-CCA/results_CCA/baselines/MICN_ETTm2_336_1.0_0.0_0.0005_type1_10_3_32
MICN,720,ETTm2,0.0005,32,3,0,10,type1,0.48932376503944397,0.4816148579120636,1.3319931030273438,227.705810546875,/data/home/Licheng/workspace/TSF-CCA/results_CCA/baselines/MICN_ETTm2_720_1.0_0.0_0.0005_type1_10_3_32
MICN,12,PEMS03,0.0005,32,3,0,10,type1,0.09617460519075394,0.21698173880577087,1.7037780284881592,8015.2646484375,/data/home/Licheng/workspace/TSF-CCA/results_CCA/baselines/MICN_PEMS03_12_1.0_0.0_0.0005_type1_10_3_32
MICN,24,PEMS03,0.0005,32,3,0,10,type1,0.09486348927021027,0.20964324474334717,1.7293550968170166,9327.7099609375,/data/home/Licheng/workspace/TSF-CCA/results_CCA/baselines/MICN_PEMS03_24_1.0_0.0_0.0005_type1_10_3_32
MICN,36,PEMS03,0.0005,32,3,0,10,type1,0.1069631353020668,0.22290627658367157,1.797420620918274,9712.486328125,/data/home/Licheng/workspace/TSF-CCA/results_CCA/baselines/MICN_PEMS03_36_1.0_0.0_0.0005_type1_10_3_32
MICN,48,PEMS03,0.0005,32,3,0,10,type1,0.12482002377510071,0.24224494397640228,1.9237792491912842,10464.1494140625,/data/home/Licheng/workspace/TSF-CCA/results_CCA/baselines/MICN_PEMS03_48_1.0_0.0_0.0005_type1_10_3_32
MICN,12,PEMS08,0.0005,32,3,0,10,type1,0.1610156148672104,0.27424922585487366,2.103200674057007,8715.638671875,/data/home/Licheng/workspace/TSF-CCA/results_CCA/baselines/MICN_PEMS08_12_1.0_0.0_0.0005_type1_10_3_32
MICN,24,PEMS08,0.0005,32,3,0,10,type1,0.12663814425468445,0.236966073513031,1.90250563621521,8197.2431640625,/data/home/Licheng/workspace/TSF-CCA/results_CCA/baselines/MICN_PEMS08_24_1.0_0.0_0.0005_type1_10_3_32
MICN,36,PEMS08,0.0005,32,3,0,10,type1,0.14788872003555298,0.2521205544471741,2.066619396209717,9060.166015625,/data/home/Licheng/workspace/TSF-CCA/results_CCA/baselines/MICN_PEMS08_36_1.0_0.0_0.0005_type1_10_3_32
MICN,48,PEMS08,0.0005,32,3,0,10,type1,0.1746285855770111,0.2696272134780884,2.2077066898345947,9799.70703125,/data/home/Licheng/workspace/TSF-CCA/results_CCA/baselines/MICN_PEMS08_48_1.0_0.0_0.0005_type1_10_3_32
MICN,96,Traffic,0.0005,8,3,0,10,type1,0.49846169352531433,0.2982580363750458,3.133435010910034,133047.59375,/data/home/Licheng/workspace/TSF-CCA/results_CCA/baselines/MICN_Traffic_96_1.0_0.0_0.0005_type1_10_3_8
MICN,192,Traffic,0.0005,8,3,0,10,type1,0.5206037759780884,0.30923324823379517,3.098567485809326,117138.6015625,/data/home/Licheng/workspace/TSF-CCA/results_CCA/baselines/MICN_Traffic_192_1.0_0.0_0.0005_type1_10_3_8
MICN,336,Traffic,0.0005,8,3,0,10,type1,0.5294788479804993,0.3139732778072357,3.4314422607421875,236919.375,/data/home/Licheng/workspace/TSF-CCA/results_CCA/baselines/MICN_Traffic_336_1.0_0.0_0.0005_type1_10_3_8
MICN,720,Traffic,0.0005,8,3,0,10,type1,0.5672887563705444,0.32619810104370117,3.4292690753936768,198008.375,/data/home/Licheng/workspace/TSF-CCA/results_CCA/baselines/MICN_Traffic_720_1.0_0.0_0.0005_type1_10_3_8
MICN,96,Weather,0.0005,32,3,0,10,type1,0.17883847653865814,0.24420413374900818,2.4874563217163086,49536.3671875,/data/home/Licheng/workspace/TSF-CCA/results_CCA/baselines/MICN_Weather_96_1.0_0.0_0.0005_type1_10_3_32
MICN,192,Weather,0.0005,32,3,0,10,type1,0.24192006886005402,0.31006136536598206,2.7299389839172363,39917.5859375,/data/home/Licheng/workspace/TSF-CCA/results_CCA/baselines/MICN_Weather_192_1.0_0.0_0.0005_type1_10_3_32
MICN,336,Weather,0.0005,32,3,0,10,type1,0.27289626002311707,0.330183744430542,2.8741378784179688,50160.23046875,/data/home/Licheng/workspace/TSF-CCA/results_CCA/baselines/MICN_Weather_336_1.0_0.0_0.0005_type1_10_3_32
MICN,720,Weather,0.0005,32,3,0,10,type1,0.36034950613975525,0.39905959367752075,2.807997703552246,29581.267578125,/data/home/Licheng/workspace/TSF-CCA/results_CCA/baselines/MICN_Weather_720_1.0_0.0_0.0005_type1_10_3_32
PDF,96,ECL,0.0005,16,10,0,100,type1,0.1754167675971985,0.25934678316116333,2.7657182216644287,955619.0625,/data/home/Licheng/workspace/TSF-CCA/results_CCA/baselines/PDF_ECL_96_1.0_0.0_0.0005_type1_100_10_16
PDF,192,ECL,0.0005,16,10,0,100,type1,0.1817215234041214,0.26592716574668884,2.9134771823883057,1103836.0,/data/home/Licheng/workspace/TSF-CCA/results_CCA/baselines/PDF_ECL_192_1.0_0.0_0.0005_type1_100_10_16
PDF,336,ECL,0.0005,16,10,0,100,type1,0.197201207280159,0.28197914361953735,2.834569215774536,784105.5625,/data/home/Licheng/workspace/TSF-CCA/results_CCA/baselines/PDF_ECL_336_1.0_0.0_0.0005_type1_100_10_16
PDF,720,ECL,0.0005,16,10,0,100,type1,0.23740413784980774,0.31533125042915344,2.962334394454956,560745.375,/data/home/Licheng/workspace/TSF-CCA/results_CCA/baselines/PDF_ECL_720_1.0_0.0_0.0005_type1_100_10_16
PDF,96,ETTh1,0.0005,32,10,0,100,type1,0.3880675435066223,0.40012219548225403,9.729382514953613,43366.4921875,/data/home/Licheng/workspace/TSF-CCA/results_CCA/baselines/PDF_ETTh1_96_1.0_0.0_0.0005_type1_100_10_32
PDF,192,ETTh1,0.0005,32,10,0,100,type1,0.44035038352012634,0.4281459450721741,9.840209007263184,39607.55078125,/data/home/Licheng/workspace/TSF-CCA/results_CCA/baselines/PDF_ETTh1_192_1.0_0.0_0.0005_type1_100_10_32
PDF,336,ETTh1,0.0005,32,10,0,100,type1,0.48325347900390625,0.44876188039779663,9.88049030303955,40717.20703125,/data/home/Licheng/workspace/TSF-CCA/results_CCA/baselines/PDF_ETTh1_336_1.0_0.0_0.0005_type1_100_10_32
PDF,720,ETTh1,0.0005,32,10,0,100,type1,0.49500828981399536,0.4815548360347748,9.935312271118164,40472.7890625,/data/home/Licheng/workspace/TSF-CCA/results_CCA/baselines/PDF_ETTh1_720_1.0_0.0_0.0005_type1_100_10_32
PDF,96,ETTh2,0.0005,32,10,0,100,type1,0.2907836139202118,0.3400322198867798,1.4207218885421753,383.4222717285156,/data/home/Licheng/workspace/TSF-CCA/results_CCA/baselines/PDF_ETTh2_96_1.0_0.0_0.0005_type1_100_10_32
PDF,192,ETTh2,0.0005,32,10,0,100,type1,0.37434831261634827,0.39074283838272095,1.5420219898223877,365.2760009765625,/data/home/Licheng/workspace/TSF-CCA/results_CCA/baselines/PDF_ETTh2_192_1.0_0.0_0.0005_type1_100_10_32
PDF,336,ETTh2,0.0005,32,10,0,100,type1,0.4139719009399414,0.42585158348083496,1.7619678974151611,462.1683044433594,/data/home/Licheng/workspace/TSF-CCA/results_CCA/baselines/PDF_ETTh2_336_1.0_0.0_0.0005_type1_100_10_32
PDF,720,ETTh2,0.0005,32,10,0,100,type1,0.42108941078186035,0.43989297747612,1.9882832765579224,573.491943359375,/data/home/Licheng/workspace/TSF-CCA/results_CCA/baselines/PDF_ETTh2_720_1.0_0.0_0.0005_type1_100_10_32
PDF,96,ETTm1,0.0005,32,10,0,100,type1,0.32623404264450073,0.3633556663990021,2.1793534755706787,335.1336669921875,/data/home/Licheng/workspace/TSF-CCA/results_CCA/baselines/PDF_ETTm1_96_1.0_0.0_0.0005_type1_100_10_32
PDF,192,ETTm1,0.0005,32,10,0,100,type1,0.36481744050979614,0.3811361789703369,2.208545684814453,352.5387268066406,/data/home/Licheng/workspace/TSF-CCA/results_CCA/baselines/PDF_ETTm1_192_1.0_0.0_0.0005_type1_100_10_32
PDF,336,ETTm1,0.0005,32,10,0,100,type1,0.39663946628570557,0.40211227536201477,2.2786171436309814,349.1819152832031,/data/home/Licheng/workspace/TSF-CCA/results_CCA/baselines/PDF_ETTm1_336_1.0_0.0_0.0005_type1_100_10_32
PDF,720,ETTm1,0.0005,32,10,0,100,type1,0.4583698809146881,0.43732157349586487,2.4671082496643066,406.8194274902344,/data/home/Licheng/workspace/TSF-CCA/results_CCA/baselines/PDF_ETTm1_720_1.0_0.0_0.0005_type1_100_10_32
PDF,96,ETTm2,0.0005,32,10,0,100,type1,0.1761680543422699,0.26364725828170776,1.1579147577285767,253.9893035888672,/data/home/Licheng/workspace/TSF-CCA/results_CCA/baselines/PDF_ETTm2_96_1.0_0.0_0.0005_type1_100_10_32
PDF,192,ETTm2,0.0005,32,10,0,100,type1,0.24515825510025024,0.3101990818977356,1.2997525930404663,268.1240234375,/data/home/Licheng/workspace/TSF-CCA/results_CCA/baselines/PDF_ETTm2_192_1.0_0.0_0.0005_type1_100_10_32
PDF,336,ETTm2,0.0005,32,10,0,100,type1,0.3054906129837036,0.3451518714427948,1.387852668762207,297.6711730957031,/data/home/Licheng/workspace/TSF-CCA/results_CCA/baselines/PDF_ETTm2_336_1.0_0.0_0.0005_type1_100_10_32
PDF,720,ETTm2,0.0005,32,10,0,100,type1,0.40395909547805786,0.40324145555496216,1.5852850675582886,381.15716552734375,/data/home/Licheng/workspace/TSF-CCA/results_CCA/baselines/PDF_ETTm2_720_1.0_0.0_0.0005_type1_100_10_32
PDF,12,PEMS03,0.0005,32,10,0,100,type1,0.09164489805698395,0.20427070558071136,1.6835881471633911,10367.6533203125,/data/home/Licheng/workspace/TSF-CCA/results_CCA/baselines/PDF_PEMS03_12_1.0_0.0_0.0005_type1_100_10_32
PDF,24,PEMS03,0.0005,32,10,0,100,type1,0.14869621396064758,0.26092690229415894,2.1766865253448486,14446.462890625,/data/home/Licheng/workspace/TSF-CCA/results_CCA/baselines/PDF_PEMS03_24_1.0_0.0_0.0005_type1_100_10_32
PDF,36,PEMS03,0.0005,32,10,0,100,type1,0.21009451150894165,0.31370455026626587,2.483914852142334,17401.73046875,/data/home/Licheng/workspace/TSF-CCA/results_CCA/baselines/PDF_PEMS03_36_1.0_0.0_0.0005_type1_100_10_32
PDF,48,PEMS03,0.0005,32,10,0,100,type1,0.27483177185058594,0.36425960063934326,2.7194595336914062,19163.240234375,/data/home/Licheng/workspace/TSF-CCA/results_CCA/baselines/PDF_PEMS03_48_1.0_0.0_0.0005_type1_100_10_32
PDF,12,PEMS08,0.0005,32,10,0,100,type1,0.09984680265188217,0.2086610347032547,1.760838270187378,5402.53564453125,/data/home/Licheng/workspace/TSF-CCA/results_CCA/baselines/PDF_PEMS08_12_1.0_0.0_0.0005_type1_100_10_32
PDF,24,PEMS08,0.0005,32,10,0,100,type1,0.1676972210407257,0.2727867364883423,2.398040533065796,12270.166015625,/data/home/Licheng/workspace/TSF-CCA/results_CCA/baselines/PDF_PEMS08_24_1.0_0.0_0.0005_type1_100_10_32
PDF,36,PEMS08,0.0005,32,10,0,100,type1,0.24445520341396332,0.333302766084671,2.8837203979492188,17087.0546875,/data/home/Licheng/workspace/TSF-CCA/results_CCA/baselines/PDF_PEMS08_36_1.0_0.0_0.0005_type1_100_10_32
PDF,48,PEMS08,0.0005,32,10,0,100,type1,0.3274146318435669,0.38897258043289185,3.216034173965454,20752.009765625,/data/home/Licheng/workspace/TSF-CCA/results_CCA/baselines/PDF_PEMS08_48_1.0_0.0_0.0005_type1_100_10_32
PDF,96,Traffic,0.0005,32,10,0,100,TST,0.42204558849334717,0.2695072591304779,2.9860777854919434,219548.71875,/data/home/Licheng/workspace/TSF-CCA/results_CCA/baselines/PDF_Traffic_96_1.0_0.0_0.0005_TST_100_10_32
PDF,192,Traffic,0.0005,32,10,0,100,TST,0.43488720059394836,0.27367475628852844,2.918367385864258,170162.140625,/data/home/Licheng/workspace/TSF-CCA/results_CCA/baselines/PDF_Traffic_192_1.0_0.0_0.0005_TST_100_10_32
PDF,336,Traffic,0.0005,32,10,0,100,TST,0.4501413106918335,0.28132519125938416,2.9109599590301514,147494.875,/data/home/Licheng/workspace/TSF-CCA/results_CCA/baselines/PDF_Traffic_336_1.0_0.0_0.0005_TST_100_10_32
PDF,720,Traffic,0.0005,32,10,0,100,TST,0.4811214208602905,0.29931876063346863,2.9912946224212646,161450.765625,/data/home/Licheng/workspace/TSF-CCA/results_CCA/baselines/PDF_Traffic_720_1.0_0.0_0.0005_TST_100_10_32
PDF,96,Weather,0.0005,32,10,0,100,type1,0.1811402589082718,0.22125060856342316,2.8115248680114746,93520.9765625,/data/home/Licheng/workspace/TSF-CCA/results_CCA/baselines/PDF_Weather_96_1.0_0.0_0.0005_type1_100_10_32
PDF,192,Weather,0.0005,32,10,0,100,type1,0.23152466118335724,0.26229381561279297,3.212700366973877,105112.46875,/data/home/Licheng/workspace/TSF-CCA/results_CCA/baselines/PDF_Weather_192_1.0_0.0_0.0005_type1_100_10_32
PDF,336,Weather,0.0005,32,10,0,100,type1,0.2852253019809723,0.29999250173568726,3.4066274166107178,111294.484375,/data/home/Licheng/workspace/TSF-CCA/results_CCA/baselines/PDF_Weather_336_1.0_0.0_0.0005_type1_100_10_32
PDF,720,Weather,0.0005,32,10,0,100,type1,0.36023151874542236,0.3483778238296509,3.482215642929077,86936.171875,/data/home/Licheng/workspace/TSF-CCA/results_CCA/baselines/PDF_Weather_720_1.0_0.0_0.0005_type1_100_10_32
PatchTST,96,ECL,0.0005,16,3,0,10,type1,0.1697198897600174,0.263820618391037,2.604344606399536,903052.0625,/data/home/Licheng/workspace/TSF-CCA/results_CCA/baselines/PatchTST_ECL_96_1.0_0.0_0.0005_type1_10_3_16
PatchTST,192,ECL,0.0005,16,3,0,10,type1,0.17912542819976807,0.2730642259120941,2.708653211593628,982074.9375,/data/home/Licheng/workspace/TSF-CCA/results_CCA/baselines/PatchTST_ECL_192_1.0_0.0_0.0005_type1_10_3_16
PatchTST,336,ECL,0.0005,16,3,0,10,type1,0.19499054551124573,0.28772789239883423,2.6274099349975586,664587.9375,/data/home/Licheng/workspace/TSF-CCA/results_CCA/baselines/PatchTST_ECL_336_1.0_0.0_0.0005_type1_10_3_16
PatchTST,720,ECL,0.0005,16,3,0,10,type1,0.23430965840816498,0.31962233781814575,2.729454278945923,475471.46875,/data/home/Licheng/workspace/TSF-CCA/results_CCA/baselines/PatchTST_ECL_720_1.0_0.0_0.0005_type1_10_3_16
PatchTST,96,ETTh1,0.0005,32,3,0,10,type1,0.38069456815719604,0.4001479148864746,9.630940437316895,40884.29296875,/data/home/Licheng/workspace/TSF-CCA/results_CCA/baselines/PatchTST_ETTh1_96_1.0_0.0_0.0005_type1_10_3_32
PatchTST,192,ETTh1,0.0005,32,3,0,10,type1,0.4497031271457672,0.4427497088909149,10.166834831237793,40297.2890625,/data/home/Licheng/workspace/TSF-CCA/results_CCA/baselines/PatchTST_ETTh1_192_1.0_0.0_0.0005_type1_10_3_32
PatchTST,336,ETTh1,0.0005,32,3,0,10,type1,0.500856339931488,0.4700343608856201,10.298823356628418,40725.0546875,/data/home/Licheng/workspace/TSF-CCA/results_CCA/baselines/PatchTST_ETTh1_336_1.0_0.0_0.0005_type1_10_3_32
PatchTST,720,ETTh1,0.0005,32,3,0,10,type1,0.5041138529777527,0.49228647351264954,12.063371658325195,53340.515625,/data/home/Licheng/workspace/TSF-CCA/results_CCA/baselines/PatchTST_ETTh1_720_1.0_0.0_0.0005_type1_10_3_32
PatchTST,96,ETTh2,0.0005,32,3,0,10,type1,0.2989613115787506,0.3493850827217102,1.4616601467132568,394.2548828125,/data/home/Licheng/workspace/TSF-CCA/results_CCA/baselines/PatchTST_ETTh2_96_1.0_0.0_0.0005_type1_10_3_32
PatchTST,192,ETTh2,0.0005,32,3,0,10,type1,0.3827761709690094,0.4036767780780792,1.639074683189392,436.81463623046875,/data/home/Licheng/workspace/TSF-CCA/results_CCA/baselines/PatchTST_ETTh2_192_1.0_0.0_0.0005_type1_10_3_32
PatchTST,336,ETTh2,0.0005,32,3,0,10,type1,0.4389190673828125,0.4438149631023407,1.9187116622924805,597.2918090820312,/data/home/Licheng/workspace/TSF-CCA/results_CCA/baselines/PatchTST_ETTh2_336_1.0_0.0_0.0005_type1_10_3_32
PatchTST,720,ETTh2,0.0005,32,3,0,10,type1,0.4378831088542938,0.45528772473335266,2.0733959674835205,643.8192138671875,/data/home/Licheng/workspace/TSF-CCA/results_CCA/baselines/PatchTST_ETTh2_720_1.0_0.0_0.0005_type1_10_3_32
PatchTST,96,ETTm1,0.0005,32,3,0,10,type1,0.32462024688720703,0.3636261820793152,2.1909990310668945,349.4900817871094,/data/home/Licheng/workspace/TSF-CCA/results_CCA/baselines/PatchTST_ETTm1_96_1.0_0.0_0.0005_type1_10_3_32
PatchTST,192,ETTm1,0.0005,32,3,0,10,type1,0.36320868134498596,0.38291239738464355,2.297769069671631,395.1741943359375,/data/home/Licheng/workspace/TSF-CCA/results_CCA/baselines/PatchTST_ETTm1_192_1.0_0.0_0.0005_type1_10_3_32
PatchTST,336,ETTm1,0.0005,32,3,0,10,type1,0.4040658175945282,0.41301268339157104,2.394305467605591,388.51348876953125,/data/home/Licheng/workspace/TSF-CCA/results_CCA/baselines/PatchTST_ETTm1_336_1.0_0.0_0.0005_type1_10_3_32
PatchTST,720,ETTm1,0.0005,32,3,0,10,type1,0.4633171260356903,0.4423321485519409,2.5120670795440674,430.9966125488281,/data/home/Licheng/workspace/TSF-CCA/results_CCA/baselines/PatchTST_ETTm1_720_1.0_0.0_0.0005_type1_10_3_32
PatchTST,96,ETTm2,0.0005,32,3,0,10,type1,0.18034471571445465,0.26627156138420105,1.1618379354476929,245.41175842285156,/data/home/Licheng/workspace/TSF-CCA/results_CCA/baselines/PatchTST_ETTm2_96_1.0_0.0_0.0005_type1_10_3_32
PatchTST,192,ETTm2,0.0005,32,3,0,10,type1,0.28545501828193665,0.3386649489402771,1.394262671470642,287.3600158691406,/data/home/Licheng/workspace/TSF-CCA/results_CCA/baselines/PatchTST_ETTm2_192_1.0_0.0_0.0005_type1_10_3_32
PatchTST,336,ETTm2,0.0005,32,3,0,10,type1,0.3086463212966919,0.3474346399307251,1.3857343196868896,295.4366760253906,/data/home/Licheng/workspace/TSF-CCA/results_CCA/baselines/PatchTST_ETTm2_336_1.0_0.0_0.0005_type1_10_3_32
PatchTST,720,ETTm2,0.0005,32,3,0,10,type1,0.4366227984428406,0.4216654896736145,1.6433956623077393,400.6355895996094,/data/home/Licheng/workspace/TSF-CCA/results_CCA/baselines/PatchTST_ETTm2_720_1.0_0.0_0.0005_type1_10_3_32
PatchTST,12,PEMS03,0.0005,32,3,0,10,type1,0.09226299822330475,0.2098618894815445,1.6262304782867432,9397.70703125,/data/home/Licheng/workspace/TSF-CCA/results_CCA/baselines/PatchTST_PEMS03_12_1.0_0.0_0.0005_type1_10_3_32
PatchTST,24,PEMS03,0.0005,32,3,0,10,type1,0.14439818263053894,0.26272818446159363,2.0067667961120605,11988.6875,/data/home/Licheng/workspace/TSF-CCA/results_CCA/baselines/PatchTST_PEMS03_24_1.0_0.0_0.0005_type1_10_3_32
PatchTST,36,PEMS03,0.0005,32,3,0,10,type1,0.20040729641914368,0.3092537522315979,2.2147655487060547,13517.2255859375,/data/home/Licheng/workspace/TSF-CCA/results_CCA/baselines/PatchTST_PEMS03_36_1.0_0.0_0.0005_type1_10_3_32
PatchTST,48,PEMS03,0.0005,32,3,0,10,type1,0.2445783168077469,0.34449005126953125,2.294377326965332,13338.1982421875,/data/home/Licheng/workspace/TSF-CCA/results_CCA/baselines/PatchTST_PEMS03_48_1.0_0.0_0.0005_type1_10_3_32
PatchTST,12,PEMS08,0.0005,32,3,0,10,type1,0.10611502826213837,0.2227720320224762,1.7879451513290405,4665.2978515625,/data/home/Licheng/workspace/TSF-CCA/results_CCA/baselines/PatchTST_PEMS08_12_1.0_0.0_0.0005_type1_10_3_32
PatchTST,24,PEMS08,0.0005,32,3,0,10,type1,0.16194745898246765,0.27548444271087646,2.2634494304656982,10030.6005859375,/data/home/Licheng/workspace/TSF-CCA/results_CCA/baselines/PatchTST_PEMS08_24_1.0_0.0_0.0005_type1_10_3_32
PatchTST,36,PEMS08,0.0005,32,3,0,10,type1,0.23372438549995422,0.3305168151855469,2.779330253601074,13699.1015625,/data/home/Licheng/workspace/TSF-CCA/results_CCA/baselines/PatchTST_PEMS08_36_1.0_0.0_0.0005_type1_10_3_32
PatchTST,48,PEMS08,0.0005,32,3,0,10,type1,0.30115845799446106,0.38204240798950195,2.7961533069610596,14495.5947265625,/data/home/Licheng/workspace/TSF-CCA/results_CCA/baselines/PatchTST_PEMS08_48_1.0_0.0_0.0005_type1_10_3_32
PatchTST,96,Traffic,0.0005,8,3,0,10,type1,0.44377681612968445,0.283574640750885,2.9591639041900635,224117.515625,/data/home/Licheng/workspace/TSF-CCA/results_CCA/baselines/PatchTST_Traffic_96_1.0_0.0_0.0005_type1_10_3_8
PatchTST,192,Traffic,0.0005,8,3,0,10,type1,0.45428696274757385,0.2910054624080658,2.9114174842834473,178939.140625,/data/home/Licheng/workspace/TSF-CCA/results_CCA/baselines/PatchTST_Traffic_192_1.0_0.0_0.0005_type1_10_3_8
PatchTST,336,Traffic,0.0005,8,3,0,10,type1,0.4693455398082733,0.29812759160995483,2.884136915206909,152379.890625,/data/home/Licheng/workspace/TSF-CCA/results_CCA/baselines/PatchTST_Traffic_336_1.0_0.0_0.0005_type1_10_3_8
PatchTST,720,Traffic,0.0005,8,3,0,10,type1,0.5059354901313782,0.319156289100647,2.99200177192688,173595.90625,/data/home/Licheng/workspace/TSF-CCA/results_CCA/baselines/PatchTST_Traffic_720_1.0_0.0_0.0005_type1_10_3_8
PatchTST,96,Weather,0.0005,32,3,0,3,type1,0.18880930542945862,0.23040111362934113,3.017779588699341,111875.28125,/data/home/Licheng/workspace/TSF-CCA/results_CCA/baselines/PatchTST_Weather_96_1.0_0.0_0.0005_type1_3_3_32
PatchTST,192,Weather,0.0005,32,3,0,3,type1,0.22792987525463104,0.261805921792984,3.1933910846710205,107471.3046875,/data/home/Licheng/workspace/TSF-CCA/results_CCA/baselines/PatchTST_Weather_192_1.0_0.0_0.0005_type1_3_3_32
PatchTST,336,Weather,0.0005,32,3,0,3,type1,0.28829795122146606,0.30459898710250854,3.5424580574035645,132826.921875,/data/home/Licheng/workspace/TSF-CCA/results_CCA/baselines/PatchTST_Weather_336_1.0_0.0_0.0005_type1_3_3_32
PatchTST,720,Weather,0.0005,32,3,0,3,type1,0.36215218901634216,0.3537575900554657,3.558082342147827,102046.453125,/data/home/Licheng/workspace/TSF-CCA/results_CCA/baselines/PatchTST_Weather_720_1.0_0.0_0.0005_type1_3_3_32
TCN,96,ECL,0.0005,32,3,0,10,type1,0.6802469491958618,0.6165120601654053,3.070983648300171,1960238.5,/data/home/Licheng/workspace/TSF-CCA/results_CCA/baselines/TCN_ECL_96_1.0_0.0_0.0005_type1_10_3_32
TCN,192,ECL,0.0005,32,3,0,10,type1,0.5795797109603882,0.5742365121841431,2.348188877105713,608577.9375,/data/home/Licheng/workspace/TSF-CCA/results_CCA/baselines/TCN_ECL_192_1.0_0.0_0.0005_type1_10_3_32
TCN,336,ECL,0.0005,32,3,0,10,type1,0.5839542746543884,0.5820049047470093,2.3511149883270264,523083.375,/data/home/Licheng/workspace/TSF-CCA/results_CCA/baselines/TCN_ECL_336_1.0_0.0_0.0005_type1_10_3_32
TCN,720,ECL,0.0005,32,3,0,10,type1,0.5996472239494324,0.5979772210121155,2.3915724754333496,351473.34375,/data/home/Licheng/workspace/TSF-CCA/results_CCA/baselines/TCN_ECL_720_1.0_0.0_0.0005_type1_10_3_32
TCN,96,ETTh1,0.0005,32,3,0,10,type1,0.9517641663551331,0.6545823216438293,11.110682487487793,110215.3828125,/data/home/Licheng/workspace/TSF-CCA/results_CCA/baselines/TCN_ETTh1_96_1.0_0.0_0.0005_type1_10_3_32
TCN,192,ETTh1,0.0005,32,3,0,10,type1,0.8777918815612793,0.6354193687438965,9.301454544067383,40315.05078125,/data/home/Licheng/workspace/TSF-CCA/results_CCA/baselines/TCN_ETTh1_192_1.0_0.0_0.0005_type1_10_3_32
TCN,336,ETTh1,0.0005,32,3,0,10,type1,0.8898437023162842,0.6480063199996948,8.512701988220215,38361.8203125,/data/home/Licheng/workspace/TSF-CCA/results_CCA/baselines/TCN_ETTh1_336_1.0_0.0_0.0005_type1_10_3_32
TCN,720,ETTh1,0.0005,32,3,0,10,type1,0.910952627658844,0.674663245677948,9.872151374816895,60538.5859375,/data/home/Licheng/workspace/TSF-CCA/results_CCA/baselines/TCN_ETTh1_720_1.0_0.0_0.0005_type1_10_3_32
TCN,96,ETTh2,0.0005,32,3,0,10,type1,3.1684823036193848,1.3625833988189697,1.442630648612976,74.70967864990234,/data/home/Licheng/workspace/TSF-CCA/results_CCA/baselines/TCN_ETTh2_96_1.0_0.0_0.0005_type1_10_3_32
TCN,192,ETTh2,0.0005,32,3,0,10,type1,3.396996259689331,1.4707438945770264,2.781212568283081,1987.6630859375,/data/home/Licheng/workspace/TSF-CCA/results_CCA/baselines/TCN_ETTh2_192_1.0_0.0_0.0005_type1_10_3_32
TCN,336,ETTh2,0.0005,32,3,0,10,type1,3.6274313926696777,1.5567357540130615,4.047638893127441,4658.14990234375,/data/home/Licheng/workspace/TSF-CCA/results_CCA/baselines/TCN_ETTh2_336_1.0_0.0_0.0005_type1_10_3_32
TCN,720,ETTh2,0.0005,32,3,0,10,type1,3.6691203117370605,1.5758424997329712,4.70616340637207,6412.40869140625,/data/home/Licheng/workspace/TSF-CCA/results_CCA/baselines/TCN_ETTh2_720_1.0_0.0_0.0005_type1_10_3_32
TCN,96,ETTm1,0.0005,32,3,0,10,type1,0.8868319392204285,0.6133081912994385,1.9731931686401367,284.5260925292969,/data/home/Licheng/workspace/TSF-CCA/results_CCA/baselines/TCN_ETTm1_96_1.0_0.0_0.0005_type1_10_3_32
TCN,192,ETTm1,0.0005,32,3,0,10,type1,0.8753314018249512,0.6258507966995239,1.7119699716567993,153.25296020507812,/data/home/Licheng/workspace/TSF-CCA/results_CCA/baselines/TCN_ETTm1_192_1.0_0.0_0.0005_type1_10_3_32
TCN,336,ETTm1,0.0005,32,3,0,10,type1,0.888827919960022,0.6356278657913208,1.7093894481658936,136.32211303710938,/data/home/Licheng/workspace/TSF-CCA/results_CCA/baselines/TCN_ETTm1_336_1.0_0.0_0.0005_type1_10_3_32
TCN,720,ETTm1,0.0005,32,3,0,10,type1,0.9053728580474854,0.6494680643081665,1.7519683837890625,131.9974365234375,/data/home/Licheng/workspace/TSF-CCA/results_CCA/baselines/TCN_ETTm1_720_1.0_0.0_0.0005_type1_10_3_32
TCN,96,ETTm2,0.0005,32,3,0,10,type1,3.1244912147521973,1.344849944114685,1.3823879957199097,166.3116912841797,/data/home/Licheng/workspace/TSF-CCA/results_CCA/baselines/TCN_ETTm2_96_1.0_0.0_0.0005_type1_10_3_32
TCN,192,ETTm2,0.0005,32,3,0,10,type1,3.1339926719665527,1.3498327732086182,1.3451555967330933,103.56371307373047,/data/home/Licheng/workspace/TSF-CCA/results_CCA/baselines/TCN_ETTm2_192_1.0_0.0_0.0005_type1_10_3_32
TCN,336,ETTm2,0.0005,32,3,0,10,type1,3.3893163204193115,1.4266937971115112,1.498282551765442,166.03456115722656,/data/home/Licheng/workspace/TSF-CCA/results_CCA/baselines/TCN_ETTm2_336_1.0_0.0_0.0005_type1_10_3_32
TCN,720,ETTm2,0.0005,32,3,0,10,type1,4.462837219238281,1.706752061843872,4.419222831726074,6953.6357421875,/data/home/Licheng/workspace/TSF-CCA/results_CCA/baselines/TCN_ETTm2_720_1.0_0.0_0.0005_type1_10_3_32
TCN,12,PEMS03,0.0005,32,3,0,10,type1,0.6185271739959717,0.5928852558135986,1.760515809059143,8222.1181640625,/data/home/Licheng/workspace/TSF-CCA/results_CCA/baselines/TCN_PEMS03_12_1.0_0.0_0.0005_type1_10_3_32
TCN,24,PEMS03,0.0005,32,3,0,10,type1,0.6436527967453003,0.6159156560897827,2.0134122371673584,9903.1162109375,/data/home/Licheng/workspace/TSF-CCA/results_CCA/baselines/TCN_PEMS03_24_1.0_0.0_0.0005_type1_10_3_32
TCN,36,PEMS03,0.0005,32,3,0,10,type1,0.6677471995353699,0.6353931427001953,2.2366788387298584,11671.515625,/data/home/Licheng/workspace/TSF-CCA/results_CCA/baselines/TCN_PEMS03_36_1.0_0.0_0.0005_type1_10_3_32
TCN,48,PEMS03,0.0005,32,3,0,10,type1,0.6855035424232483,0.64826500415802,2.3806955814361572,13034.2021484375,/data/home/Licheng/workspace/TSF-CCA/results_CCA/baselines/TCN_PEMS03_48_1.0_0.0_0.0005_type1_10_3_32
TCN,12,PEMS08,0.0005,32,3,0,10,type1,0.6549205780029297,0.5847071409225464,1.7790839672088623,4472.43896484375,/data/home/Licheng/workspace/TSF-CCA/results_CCA/baselines/TCN_PEMS08_12_1.0_0.0_0.0005_type1_10_3_32
TCN,24,PEMS08,0.0005,32,3,0,10,type1,0.6824782490730286,0.6068865656852722,2.017259359359741,6656.7060546875,/data/home/Licheng/workspace/TSF-CCA/results_CCA/baselines/TCN_PEMS08_24_1.0_0.0_0.0005_type1_10_3_32
TCN,36,PEMS08,0.0005,32,3,0,10,type1,0.7134763598442078,0.6274927258491516,2.210056781768799,7986.90576171875,/data/home/Licheng/workspace/TSF-CCA/results_CCA/baselines/TCN_PEMS08_36_1.0_0.0_0.0005_type1_10_3_32
TCN,48,PEMS08,0.0005,32,3,0,10,type1,0.7262308597564697,0.6346412301063538,2.292833089828491,8320.1181640625,/data/home/Licheng/workspace/TSF-CCA/results_CCA/baselines/TCN_PEMS08_48_1.0_0.0_0.0005_type1_10_3_32
TCN,96,Traffic,0.0005,4,3,0,3,type1,1.3927587270736694,0.7267028093338013,9.159046173095703,20966538.0,/data/home/Licheng/workspace/TSF-CCA/results_CCA/baselines/TCN_Traffic_96_1.0_0.0_0.0005_type1_3_3_4
TCN,192,Traffic,0.0005,4,3,0,3,type1,0.8029748201370239,0.6003742814064026,3.6700291633605957,497722.21875,/data/home/Licheng/workspace/TSF-CCA/results_CCA/baselines/TCN_Traffic_192_1.0_0.0_0.0005_type1_3_3_4
TCN,336,Traffic,0.0005,4,3,0,3,type1,0.8173587918281555,0.6048442125320435,3.5630950927734375,399523.28125,/data/home/Licheng/workspace/TSF-CCA/results_CCA/baselines/TCN_Traffic_336_1.0_0.0_0.0005_type1_3_3_4
TCN,720,Traffic,0.0005,4,3,0,3,type1,0.8586152791976929,0.6189253926277161,3.5398781299591064,374211.5625,/data/home/Licheng/workspace/TSF-CCA/results_CCA/baselines/TCN_Traffic_720_1.0_0.0_0.0005_type1_3_3_4
TCN,96,Weather,0.0005,32,3,0,10,type1,0.6083328723907471,0.5659036636352539,3.43799090385437,201563.390625,/data/home/Licheng/workspace/TSF-CCA/results_CCA/baselines/TCN_Weather_96_1.0_0.0_0.0005_type1_10_3_32
TCN,192,Weather,0.0005,32,3,0,10,type1,0.541346549987793,0.551634669303894,2.7010579109191895,60975.6484375,/data/home/Licheng/workspace/TSF-CCA/results_CCA/baselines/TCN_Weather_192_1.0_0.0_0.0005_type1_10_3_32
TCN,336,Weather,0.0005,32,3,0,10,type1,0.5667152404785156,0.5686820149421692,2.7205841541290283,70012.75,/data/home/Licheng/workspace/TSF-CCA/results_CCA/baselines/TCN_Weather_336_1.0_0.0_0.0005_type1_10_3_32
TCN,720,Weather,0.0005,32,3,0,10,type1,0.6133827567100525,0.5971323251724243,2.838711977005005,60956.26953125,/data/home/Licheng/workspace/TSF-CCA/results_CCA/baselines/TCN_Weather_720_1.0_0.0_0.0005_type1_10_3_32
TQNet,96,ECL,0.0005,16,5,0,30,type1,0.1434556096792221,0.23735399544239044,2.431366205215454,541489.625,/data/home/Licheng/workspace/TSF-CCA/results_CCA/baselines/TQNet_ECL_96_1.0_0.0_0.0005_type1_30_5_16
TQNet,192,ECL,0.0005,16,5,0,30,type1,0.16064101457595825,0.2520805895328522,2.60738468170166,695376.4375,/data/home/Licheng/workspace/TSF-CCA/results_CCA/baselines/TQNet_ECL_192_1.0_0.0_0.0005_type1_30_5_16
TQNet,336,ECL,0.0005,16,5,0,30,type1,0.17823830246925354,0.26970332860946655,2.6108176708221436,528950.4375,/data/home/Licheng/workspace/TSF-CCA/results_CCA/baselines/TQNet_ECL_336_1.0_0.0_0.0005_type1_30_5_16
TQNet,720,ECL,0.0005,16,5,0,30,type1,0.21762946248054504,0.3026959002017975,2.6628365516662598,271257.125,/data/home/Licheng/workspace/TSF-CCA/results_CCA/baselines/TQNet_ECL_720_1.0_0.0_0.0005_type1_30_5_16
TQNet,96,ETTh1,0.0005,32,5,0,30,type1,0.37200725078582764,0.39143994450569153,10.020671844482422,48134.07421875,/data/home/Licheng/workspace/TSF-CCA/results_CCA/baselines/TQNet_ETTh1_96_1.0_0.0_0.0005_type1_30_5_32
TQNet,192,ETTh1,0.0005,32,5,0,30,type1,0.43049758672714233,0.42417293787002563,10.032503128051758,41673.953125,/data/home/Licheng/workspace/TSF-CCA/results_CCA/baselines/TQNet_ETTh1_192_1.0_0.0_0.0005_type1_30_5_32
TQNet,336,ETTh1,0.0005,32,5,0,30,type1,0.48626241087913513,0.45441997051239014,10.11389446258545,41996.203125,/data/home/Licheng/workspace/TSF-CCA/results_CCA/baselines/TQNet_ETTh1_336_1.0_0.0_0.0005_type1_30_5_32
TQNet,720,ETTh1,0.0005,32,5,0,30,type1,0.5068315267562866,0.48593080043792725,10.994505882263184,47785.1484375,/data/home/Licheng/workspace/TSF-CCA/results_CCA/baselines/TQNet_ETTh1_720_1.0_0.0_0.0005_type1_30_5_32
TQNet,96,ETTh2,0.0005,32,5,0,30,type1,0.2933729588985443,0.3426649868488312,1.4553757905960083,427.5267028808594,/data/home/Licheng/workspace/TSF-CCA/results_CCA/baselines/TQNet_ETTh2_96_1.0_0.0_0.0005_type1_30_5_32
TQNet,192,ETTh2,0.0005,32,5,0,30,type1,0.3636947572231293,0.39039063453674316,1.6078307628631592,431.8552551269531,/data/home/Licheng/workspace/TSF-CCA/results_CCA/baselines/TQNet_ETTh2_192_1.0_0.0_0.0005_type1_30_5_32
TQNet,336,ETTh2,0.0005,32,5,0,30,type1,0.41133254766464233,0.424370676279068,1.7189782857894897,432.5233459472656,/data/home/Licheng/workspace/TSF-CCA/results_CCA/baselines/TQNet_ETTh2_336_1.0_0.0_0.0005_type1_30_5_32
TQNet,720,ETTh2,0.0005,32,5,0,30,type1,0.4299759864807129,0.4438212811946869,2.0068087577819824,631.489501953125,/data/home/Licheng/workspace/TSF-CCA/results_CCA/baselines/TQNet_ETTh2_720_1.0_0.0_0.0005_type1_30_5_32
TQNet,96,ETTm1,0.0005,32,5,0,30,type1,0.3103821277618408,0.35172122716903687,2.2117667198181152,377.53070068359375,/data/home/Licheng/workspace/TSF-CCA/results_CCA/baselines/TQNet_ETTm1_96_1.0_0.0_0.0005_type1_30_5_32
TQNet,192,ETTm1,0.0005,32,5,0,30,type1,0.35609951615333557,0.37744301557540894,2.287747383117676,385.8924560546875,/data/home/Licheng/workspace/TSF-CCA/results_CCA/baselines/TQNet_ETTm1_192_1.0_0.0_0.0005_type1_30_5_32
TQNet,336,ETTm1,0.0005,32,5,0,30,type1,0.38756948709487915,0.3998998999595642,2.3376259803771973,385.8780517578125,/data/home/Licheng/workspace/TSF-CCA/results_CCA/baselines/TQNet_ETTm1_336_1.0_0.0_0.0005_type1_30_5_32
TQNet,720,ETTm1,0.0005,32,5,0,30,type1,0.4500214457511902,0.4365464746952057,2.516380548477173,453.37030029296875,/data/home/Licheng/workspace/TSF-CCA/results_CCA/baselines/TQNet_ETTm1_720_1.0_0.0_0.0005_type1_30_5_32
TQNet,96,ETTm2,0.0005,32,5,0,30,type1,0.17474612593650818,0.2557682693004608,1.1381030082702637,247.90423583984375,/data/home/Licheng/workspace/TSF-CCA/results_CCA/baselines/TQNet_ETTm2_96_1.0_0.0_0.0005_type1_30_5_32
TQNet,192,ETTm2,0.0005,32,5,0,30,type1,0.24270379543304443,0.3004889190196991,1.2630831003189087,266.83465576171875,/data/home/Licheng/workspace/TSF-CCA/results_CCA/baselines/TQNet_ETTm2_192_1.0_0.0_0.0005_type1_30_5_32
TQNet,336,ETTm2,0.0005,32,5,0,30,type1,0.2974522113800049,0.33643481135368347,1.352707862854004,280.7754821777344,/data/home/Licheng/workspace/TSF-CCA/results_CCA/baselines/TQNet_ETTm2_336_1.0_0.0_0.0005_type1_30_5_32
TQNet,720,ETTm2,0.0005,32,5,0,30,type1,0.3940703570842743,0.3930845558643341,1.543676733970642,347.69970703125,/data/home/Licheng/workspace/TSF-CCA/results_CCA/baselines/TQNet_ETTm2_720_1.0_0.0_0.0005_type1_30_5_32
TQNet,12,PEMS03,0.0005,32,5,0,30,type1,0.09730525314807892,0.17963840067386627,1.380852222442627,5966.416015625,/data/home/Licheng/workspace/TSF-CCA/results_CCA/baselines/TQNet_PEMS03_12_1.0_0.0_0.0005_type1_30_5_32
TQNet,24,PEMS03,0.0005,32,5,0,30,type1,0.09892906248569489,0.20442934334278107,1.6351854801177979,7997.57373046875,/data/home/Licheng/workspace/TSF-CCA/results_CCA/baselines/TQNet_PEMS03_24_1.0_0.0_0.0005_type1_30_5_32
TQNet,36,PEMS03,0.0005,32,5,0,30,type1,0.12318091839551926,0.22999918460845947,1.831230640411377,9966.6943359375,/data/home/Licheng/workspace/TSF-CCA/results_CCA/baselines/TQNet_PEMS03_36_1.0_0.0_0.0005_type1_30_5_32
TQNet,48,PEMS03,0.0005,32,5,0,30,type1,0.15744830667972565,0.2556097209453583,2.022130250930786,11290.6015625,/data/home/Licheng/workspace/TSF-CCA/results_CCA/baselines/TQNet_PEMS03_48_1.0_0.0_0.0005_type1_30_5_32
TQNet,12,PEMS08,0.0005,32,5,0,30,type1,0.0787055641412735,0.18253932893276215,1.6003265380859375,6064.4072265625,/data/home/Licheng/workspace/TSF-CCA/results_CCA/baselines/TQNet_PEMS08_12_1.0_0.0_0.0005_type1_30_5_32
TQNet,24,PEMS08,0.0005,32,5,0,30,type1,0.11720362305641174,0.22245121002197266,1.965555191040039,10072.69140625,/data/home/Licheng/workspace/TSF-CCA/results_CCA/baselines/TQNet_PEMS08_24_1.0_0.0_0.0005_type1_30_5_32
TQNet,36,PEMS08,0.0005,32,5,0,30,type1,0.1578436940908432,0.2600741982460022,2.247117757797241,12715.287109375,/data/home/Licheng/workspace/TSF-CCA/results_CCA/baselines/TQNet_PEMS08_36_1.0_0.0_0.0005_type1_30_5_32
TQNet,48,PEMS08,0.0005,32,5,0,30,type1,0.20312240719795227,0.29539012908935547,2.443220376968384,14156.28515625,/data/home/Licheng/workspace/TSF-CCA/results_CCA/baselines/TQNet_PEMS08_48_1.0_0.0_0.0005_type1_30_5_32
TQNet,96,Traffic,0.003,16,5,0,30,TST,0.4123072922229767,0.2586539685726166,2.7491936683654785,142041.28125,/data/home/Licheng/workspace/TSF-CCA/results_CCA/baselines/TQNet_Traffic_96_1.0_0.0_0.003_TST_30_5_16
TQNet,192,Traffic,0.003,16,5,0,30,TST,0.42654290795326233,0.268568217754364,2.8787682056427,150549.328125,/data/home/Licheng/workspace/TSF-CCA/results_CCA/baselines/TQNet_Traffic_192_1.0_0.0_0.003_TST_30_5_16
TQNet,336,Traffic,0.003,16,5,0,30,TST,0.4421299993991852,0.27514341473579407,2.908700704574585,139487.59375,/data/home/Licheng/workspace/TSF-CCA/results_CCA/baselines/TQNet_Traffic_336_1.0_0.0_0.003_TST_30_5_16
TQNet,720,Traffic,0.003,16,5,0,30,TST,0.4875498414039612,0.2945673167705536,3.053795099258423,153493.53125,/data/home/Licheng/workspace/TSF-CCA/results_CCA/baselines/TQNet_Traffic_720_1.0_0.0_0.003_TST_30_5_16
TQNet,96,Weather,0.0005,32,5,0,30,type1,0.15996477007865906,0.20272290706634521,2.641852855682373,81037.796875,/data/home/Licheng/workspace/TSF-CCA/results_CCA/baselines/TQNet_Weather_96_1.0_0.0_0.0005_type1_30_5_32
TQNet,192,Weather,0.0005,32,5,0,30,type1,0.20987150073051453,0.24716635048389435,3.086829900741577,103378.21875,/data/home/Licheng/workspace/TSF-CCA/results_CCA/baselines/TQNet_Weather_192_1.0_0.0_0.0005_type1_30_5_32
TQNet,336,Weather,0.0005,32,5,0,30,type1,0.2666955590248108,0.2889534533023834,3.351513385772705,114576.53125,/data/home/Licheng/workspace/TSF-CCA/results_CCA/baselines/TQNet_Weather_336_1.0_0.0_0.0005_type1_30_5_32
TQNet,720,Weather,0.0005,32,5,0,30,type1,0.34612080454826355,0.34247007966041565,3.4033010005950928,84705.0546875,/data/home/Licheng/workspace/TSF-CCA/results_CCA/baselines/TQNet_Weather_720_1.0_0.0_0.0005_type1_30_5_32
TiDE,96,ECL,0.1,32,5,0,10,type1,0.19748784601688385,0.2740117013454437,2.7274186611175537,893305.25,/data/home/Licheng/workspace/TSF-CCA/results_CCA/baselines/TiDE_ECL_96_1.0_0.0_0.1_type1_10_5_32
TiDE,192,ECL,0.1,32,5,0,10,type1,0.19729450345039368,0.2768118381500244,2.7784194946289062,857132.75,/data/home/Licheng/workspace/TSF-CCA/results_CCA/baselines/TiDE_ECL_192_1.0_0.0_0.1_type1_10_5_32
TiDE,336,ECL,0.1,32,5,0,10,type1,0.21189020574092865,0.2918281555175781,2.6741816997528076,610980.6875,/data/home/Licheng/workspace/TSF-CCA/results_CCA/baselines/TiDE_ECL_336_1.0_0.0_0.1_type1_10_5_32
TiDE,720,ECL,0.1,32,5,0,10,type1,0.25383460521698,0.32508158683776855,2.7657299041748047,386296.15625,/data/home/Licheng/workspace/TSF-CCA/results_CCA/baselines/TiDE_ECL_720_1.0_0.0_0.1_type1_10_5_32
TiDE,96,ETTh1,0.1,512,5,0,10,type1,0.3868803083896637,0.39497020840644836,9.730506896972656,45826.7578125,/data/home/Licheng/workspace/TSF-CCA/results_CCA/baselines/TiDE_ETTh1_96_1.0_0.0_0.1_type1_10_5_512
TiDE,192,ETTh1,0.1,512,5,0,10,type1,0.43865782022476196,0.4247405529022217,9.806363105773926,41689.39453125,/data/home/Licheng/workspace/TSF-CCA/results_CCA/baselines/TiDE_ETTh1_192_1.0_0.0_0.1_type1_10_5_512
TiDE,336,ETTh1,0.1,512,5,0,10,type1,0.48175352811813354,0.4469703137874603,9.75449275970459,42468.28515625,/data/home/Licheng/workspace/TSF-CCA/results_CCA/baselines/TiDE_ETTh1_336_1.0_0.0_0.1_type1_10_5_512
TiDE,720,ETTh1,0.1,512,5,0,10,type1,0.48367300629615784,0.47141504287719727,9.869009017944336,43011.84375,/data/home/Licheng/workspace/TSF-CCA/results_CCA/baselines/TiDE_ETTh1_720_1.0_0.0_0.1_type1_10_5_512
TiDE,96,ETTh2,0.1,512,5,0,10,type1,0.29083895683288574,0.3397740125656128,1.4255014657974243,380.52606201171875,/data/home/Licheng/workspace/TSF-CCA/results_CCA/baselines/TiDE_ETTh2_96_1.0_0.0_0.1_type1_10_5_512
TiDE,192,ETTh2,0.1,512,5,0,10,type1,0.37618279457092285,0.39164209365844727,1.5595824718475342,372.7882995605469,/data/home/Licheng/workspace/TSF-CCA/results_CCA/baselines/TiDE_ETTh2_192_1.0_0.0_0.1_type1_10_5_512
TiDE,336,ETTh2,0.1,512,5,0,10,type1,0.416812539100647,0.4273777902126312,1.7771928310394287,462.29425048828125,/data/home/Licheng/workspace/TSF-CCA/results_CCA/baselines/TiDE_ETTh2_336_1.0_0.0_0.1_type1_10_5_512
TiDE,720,ETTh2,0.1,512,5,0,10,type1,0.42936286330223083,0.4455738663673401,2.0664443969726562,639.7930908203125,/data/home/Licheng/workspace/TSF-CCA/results_CCA/baselines/TiDE_ETTh2_720_1.0_0.0_0.1_type1_10_5_512
TiDE,96,ETTm1,0.1,512,5,0,10,type1,0.3528754711151123,0.37420928478240967,2.156733512878418,344.5948181152344,/data/home/Licheng/workspace/TSF-CCA/results_CCA/baselines/TiDE_ETTm1_96_1.0_0.0_0.1_type1_10_5_512
TiDE,192,ETTm1,0.1,512,5,0,10,type1,0.391133576631546,0.39258110523223877,2.256917715072632,368.01727294921875,/data/home/Licheng/workspace/TSF-CCA/results_CCA/baselines/TiDE_ETTm1_192_1.0_0.0_0.1_type1_10_5_512
TiDE,336,ETTm1,0.1,512,5,0,10,type1,0.4234398603439331,0.4136703908443451,2.3388469219207764,377.84661865234375,/data/home/Licheng/workspace/TSF-CCA/results_CCA/baselines/TiDE_ETTm1_336_1.0_0.0_0.1_type1_10_5_512
TiDE,720,ETTm1,0.1,512,5,0,10,type1,0.4857273995876312,0.4478665590286255,2.548100233078003,448.2585144042969,/data/home/Licheng/workspace/TSF-CCA/results_CCA/baselines/TiDE_ETTm1_720_1.0_0.0_0.1_type1_10_5_512
TiDE,96,ETTm2,0.1,512,5,0,10,type1,0.182170569896698,0.2649812400341034,1.165354609489441,262.4992370605469,/data/home/Licheng/workspace/TSF-CCA/results_CCA/baselines/TiDE_ETTm2_96_1.0_0.0_0.1_type1_10_5_512
TiDE,192,ETTm2,0.1,512,5,0,10,type1,0.24651965498924255,0.3041532337665558,1.2669050693511963,268.4101257324219,/data/home/Licheng/workspace/TSF-CCA/results_CCA/baselines/TiDE_ETTm2_192_1.0_0.0_0.1_type1_10_5_512
TiDE,336,ETTm2,0.1,512,5,0,10,type1,0.307371586561203,0.3429255783557892,1.3808876276016235,300.4346008300781,/data/home/Licheng/workspace/TSF-CCA/results_CCA/baselines/TiDE_ETTm2_336_1.0_0.0_0.1_type1_10_5_512
TiDE,720,ETTm2,0.1,512,5,0,10,type1,0.40766456723213196,0.3982326090335846,1.5697100162506104,383.3904113769531,/data/home/Licheng/workspace/TSF-CCA/results_CCA/baselines/TiDE_ETTm2_720_1.0_0.0_0.1_type1_10_5_512
TiDE,12,PEMS03,0.1,32,5,0,10,type1,0.11685030162334442,0.22579102218151093,1.8263729810714722,13426.94140625,/data/home/Licheng/workspace/TSF-CCA/results_CCA/baselines/TiDE_PEMS03_12_1.0_0.0_0.1_type1_10_5_32
TiDE,24,PEMS03,0.1,32,5,0,10,type1,0.2333248257637024,0.3220479190349579,2.6382224559783936,26434.54296875,/data/home/Licheng/workspace/TSF-CCA/results_CCA/baselines/TiDE_PEMS03_24_1.0_0.0_0.1_type1_10_5_32
TiDE,36,PEMS03,0.1,32,5,0,10,type1,0.3788575828075409,0.417676717042923,3.329486608505249,36616.85546875,/data/home/Licheng/workspace/TSF-CCA/results_CCA/baselines/TiDE_PEMS03_36_1.0_0.0_0.1_type1_10_5_32
TiDE,48,PEMS03,0.1,32,5,0,10,type1,0.5351485013961792,0.5161582827568054,3.781749725341797,41198.84765625,/data/home/Licheng/workspace/TSF-CCA/results_CCA/baselines/TiDE_PEMS03_48_1.0_0.0_0.1_type1_10_5_32
TiDE,12,PEMS08,0.1,32,5,0,10,type1,0.12095993012189865,0.23332379758358002,1.8662841320037842,5271.64111328125,/data/home/Licheng/workspace/TSF-CCA/results_CCA/baselines/TiDE_PEMS08_12_1.0_0.0_0.1_type1_10_5_32
TiDE,24,PEMS08,0.1,32,5,0,10,type1,0.23239387571811676,0.3251209259033203,2.6908082962036133,13371.6513671875,/data/home/Licheng/workspace/TSF-CCA/results_CCA/baselines/TiDE_PEMS08_24_1.0_0.0_0.1_type1_10_5_32
TiDE,36,PEMS08,0.1,32,5,0,10,type1,0.37629222869873047,0.42701461911201477,3.427942991256714,21234.576171875,/data/home/Licheng/workspace/TSF-CCA/results_CCA/baselines/TiDE_PEMS08_36_1.0_0.0_0.1_type1_10_5_32
TiDE,48,PEMS08,0.1,32,5,0,10,type1,0.5433986783027649,0.5266271233558655,3.9992401599884033,26795.19921875,/data/home/Licheng/workspace/TSF-CCA/results_CCA/baselines/TiDE_PEMS08_48_1.0_0.0_0.1_type1_10_5_32
TiDE,96,Traffic,0.1,4,5,0,10,type1,0.6462927460670471,0.38552969694137573,5.117478370666504,2352417.5,/data/home/Licheng/workspace/TSF-CCA/results_CCA/baselines/TiDE_Traffic_96_1.0_0.0_0.1_type1_10_5_4
TiDE,192,Traffic,0.1,4,5,0,10,type1,0.5992408394813538,0.36161336302757263,4.542479038238525,1431412.125,/data/home/Licheng/workspace/TSF-CCA/results_CCA/baselines/TiDE_Traffic_192_1.0_0.0_0.1_type1_10_5_4
TiDE,336,Traffic,0.1,4,5,0,10,type1,0.6057910323143005,0.36308810114860535,4.317843914031982,1170657.375,/data/home/Licheng/workspace/TSF-CCA/results_CCA/baselines/TiDE_Traffic_336_1.0_0.0_0.1_type1_10_5_4
TiDE,720,Traffic,0.1,4,5,0,10,type1,0.6427680850028992,0.38250797986984253,4.187455654144287,856354.4375,/data/home/Licheng/workspace/TSF-CCA/results_CCA/baselines/TiDE_Traffic_720_1.0_0.0_0.1_type1_10_5_4
TiDE,96,Weather,0.1,32,5,0,10,type1,0.19161371886730194,0.23239274322986603,2.9717812538146973,95229.8125,/data/home/Licheng/workspace/TSF-CCA/results_CCA/baselines/TiDE_Weather_96_1.0_0.0_0.1_type1_10_5_32
TiDE,192,Weather,0.1,32,5,0,10,type1,0.23981833457946777,0.270194411277771,3.2935287952423096,106436.1015625,/data/home/Licheng/workspace/TSF-CCA/results_CCA/baselines/TiDE_Weather_192_1.0_0.0_0.1_type1_10_5_32
TiDE,336,Weather,0.1,32,5,0,10,type1,0.2924986183643341,0.3067837357521057,3.4871013164520264,115908.96875,/data/home/Licheng/workspace/TSF-CCA/results_CCA/baselines/TiDE_Weather_336_1.0_0.0_0.1_type1_10_5_32
TiDE,720,Weather,0.1,32,5,0,10,type1,0.36429113149642944,0.35322830080986023,3.4894614219665527,88398.5625,/data/home/Licheng/workspace/TSF-CCA/results_CCA/baselines/TiDE_Weather_720_1.0_0.0_0.1_type1_10_5_32
TimeBridge,96,ECL,0.0005,16,3,0,10,type1,0.14166171848773956,0.23894383013248444,2.490973472595215,603415.8125,/data/home/Licheng/workspace/TSF-CCA/results_CCA/baselines/TimeBridge_ECL_96_1.0_0.0_0.0005_type1_10_3_16
TimeBridge,192,ECL,0.0005,16,3,0,10,type1,0.16086739301681519,0.2569505274295807,2.7241525650024414,772850.8125,/data/home/Licheng/workspace/TSF-CCA/results_CCA/baselines/TimeBridge_ECL_192_1.0_0.0_0.0005_type1_10_3_16
TimeBridge,336,ECL,0.0005,16,3,0,10,type1,0.18247999250888824,0.27754244208335876,2.7628071308135986,680890.1875,/data/home/Licheng/workspace/TSF-CCA/results_CCA/baselines/TimeBridge_ECL_336_1.0_0.0_0.0005_type1_10_3_16
TimeBridge,720,ECL,0.0005,16,3,0,10,type1,0.21744626760482788,0.3093733787536621,2.8303089141845703,455285.5625,/data/home/Licheng/workspace/TSF-CCA/results_CCA/baselines/TimeBridge_ECL_720_1.0_0.0_0.0005_type1_10_3_16
TimeBridge,96,ETTh1,0.0005,32,15,0,100,type1,0.37342581152915955,0.3951742351055145,9.741288185119629,44482.421875,/data/home/Licheng/workspace/TSF-CCA/results_CCA/baselines/TimeBridge_ETTh1_96_1.0_0.0_0.0005_type1_100_15_32
TimeBridge,192,ETTh1,0.0002,64,15,0,100,type1,0.42756468057632446,0.4262012541294098,9.860581398010254,39928.83984375,/data/home/Licheng/workspace/TSF-CCA/results_CCA/baselines/TimeBridge_ETTh1_192_1.0_0.0_0.0002_type1_100_15_64
TimeBridge,336,ETTh1,0.0002,64,15,0,100,type1,0.4708667993545532,0.4514804184436798,9.884339332580566,40537.55859375,/data/home/Licheng/workspace/TSF-CCA/results_CCA/baselines/TimeBridge_ETTh1_336_1.0_0.0_0.0002_type1_100_15_64
TimeBridge,720,ETTh1,0.0002,64,15,0,100,type1,0.49481505155563354,0.48692587018013,10.877121925354004,47168.5078125,/data/home/Licheng/workspace/TSF-CCA/results_CCA/baselines/TimeBridge_ETTh1_720_1.0_0.0_0.0002_type1_100_15_64
TimeBridge,96,ETTh2,0.0001,16,15,0,100,type1,0.29407668113708496,0.34425923228263855,1.4261484146118164,396.58837890625,/data/home/Licheng/workspace/TSF-CCA/results_CCA/baselines/TimeBridge_ETTh2_96_1.0_0.0_0.0001_type1_100_15_16
TimeBridge,192,ETTh2,0.001,256,15,0,100,type1,0.3714970648288727,0.3939332365989685,1.5903559923171997,411.4778747558594,/data/home/Licheng/workspace/TSF-CCA/results_CCA/baselines/TimeBridge_ETTh2_192_1.0_0.0_0.001_type1_100_15_256
TimeBridge,336,ETTh2,0.0001,16,15,0,100,type1,0.42089807987213135,0.4294164180755615,1.750077486038208,465.5318908691406,/data/home/Licheng/workspace/TSF-CCA/results_CCA/baselines/TimeBridge_ETTh2_336_1.0_0.0_0.0001_type1_100_15_16
TimeBridge,720,ETTh2,0.0005,32,15,0,100,type1,0.4229237735271454,0.4434131681919098,2.050706148147583,628.3015747070312,/data/home/Licheng/workspace/TSF-CCA/results_CCA/baselines/TimeBridge_ETTh2_720_1.0_0.0_0.0005_type1_100_15_32
TimeBridge,96,ETTm1,0.0005,32,15,0,100,type1,0.3230789005756378,0.36078116297721863,2.246155023574829,382.7318420410156,/data/home/Licheng/workspace/TSF-CCA/results_CCA/baselines/TimeBridge_ETTm1_96_1.0_0.0_0.0005_type1_100_15_32
TimeBridge,192,ETTm1,0.0005,32,15,0,100,type1,0.3659573495388031,0.38488882780075073,2.322303533554077,403.9343566894531,/data/home/Licheng/workspace/TSF-CCA/results_CCA/baselines/TimeBridge_ETTm1_192_1.0_0.0_0.0005_type1_100_15_32
TimeBridge,336,ETTm1,0.0005,64,15,0,100,type1,0.39822518825531006,0.40789470076560974,2.3920397758483887,392.6652526855469,/data/home/Licheng/workspace/TSF-CCA/results_CCA/baselines/TimeBridge_ETTm1_336_1.0_0.0_0.0005_type1_100_15_64
TimeBridge,720,ETTm1,0.0005,32,15,0,100,type1,0.460517019033432,0.44493281841278076,2.596792459487915,456.53033447265625,/data/home/Licheng/workspace/TSF-CCA/results_CCA/baselines/TimeBridge_ETTm1_720_1.0_0.0_0.0005_type1_100_15_32
TimeBridge,96,ETTm2,0.0005,64,15,0,100,type1,0.17665083706378937,0.2591608464717865,1.1403402090072632,251.30978393554688,/data/home/Licheng/workspace/TSF-CCA/results_CCA/baselines/TimeBridge_ETTm2_96_1.0_0.0_0.0005_type1_100_15_64
TimeBridge,192,ETTm2,0.0005,64,15,0,100,type1,0.24338747560977936,0.30281177163124084,1.2602198123931885,264.81109619140625,/data/home/Licheng/workspace/TSF-CCA/results_CCA/baselines/TimeBridge_ETTm2_192_1.0_0.0_0.0005_type1_100_15_64
TimeBridge,336,ETTm2,0.0002,64,15,0,100,type1,0.30335888266563416,0.34263554215431213,1.376196265220642,297.686279296875,/data/home/Licheng/workspace/TSF-CCA/results_CCA/baselines/TimeBridge_ETTm2_336_1.0_0.0_0.0002_type1_100_15_64
TimeBridge,720,ETTm2,0.0005,64,15,0,100,type1,0.40138062834739685,0.39925330877304077,1.587112545967102,381.6694030761719,/data/home/Licheng/workspace/TSF-CCA/results_CCA/baselines/TimeBridge_ETTm2_720_1.0_0.0_0.0005_type1_100_15_64
TimeBridge,12,PEMS03,0.0005,32,15,0,100,type1,0.06972812116146088,0.17642192542552948,1.4253284931182861,7680.97705078125,/data/home/Licheng/workspace/TSF-CCA/results_CCA/baselines/TimeBridge_PEMS03_12_1.0_0.0_0.0005_type1_100_15_32
TimeBridge,24,PEMS03,0.0005,32,15,0,100,type1,0.09868906438350677,0.21071107685565948,1.6792182922363281,9622.42578125,/data/home/Licheng/workspace/TSF-CCA/results_CCA/baselines/TimeBridge_PEMS03_24_1.0_0.0_0.0005_type1_100_15_32
TimeBridge,36,PEMS03,0.0005,32,15,0,100,type1,0.12586674094200134,0.23964902758598328,1.816231369972229,10398.365234375,/data/home/Licheng/workspace/TSF-CCA/results_CCA/baselines/TimeBridge_PEMS03_36_1.0_0.0_0.0005_type1_100_15_32
TimeBridge,48,PEMS03,0.0005,32,15,0,100,type1,0.15326185524463654,0.2671049237251282,1.9136756658554077,10413.970703125,/data/home/Licheng/workspace/TSF-CCA/results_CCA/baselines/TimeBridge_PEMS03_48_1.0_0.0_0.0005_type1_100_15_32
TimeBridge,12,PEMS08,0.001,16,15,0,100,type1,0.08023862540721893,0.1835384964942932,1.6020668745040894,5716.6748046875,/data/home/Licheng/workspace/TSF-CCA/results_CCA/baselines/TimeBridge_PEMS08_12_1.0_0.0_0.001_type1_100_15_16
TimeBridge,24,PEMS08,0.001,16,15,0,100,type1,0.11865808814764023,0.2236299365758896,1.9866164922714233,9935.7470703125,/data/home/Licheng/workspace/TSF-CCA/results_CCA/baselines/TimeBridge_PEMS08_24_1.0_0.0_0.001_type1_100_15_16
TimeBridge,36,PEMS08,0.001,16,15,0,100,type1,0.15918347239494324,0.2591571509838104,2.2241969108581543,12023.4619140625,/data/home/Licheng/workspace/TSF-CCA/results_CCA/baselines/TimeBridge_PEMS08_36_1.0_0.0_0.001_type1_100_15_16
TimeBridge,48,PEMS08,0.001,16,15,0,100,type1,0.19814224541187286,0.2892928719520569,2.402047634124756,14113.5478515625,/data/home/Licheng/workspace/TSF-CCA/results_CCA/baselines/TimeBridge_PEMS08_48_1.0_0.0_0.001_type1_100_15_16
TimeBridge,96,Traffic,0.0005,16,5,0,100,type1,0.39071178436279297,0.2680172026157379,2.843745708465576,168092.546875,/data/home/Licheng/workspace/TSF-CCA/results_CCA/baselines/TimeBridge_Traffic_96_1.0_0.0_0.0005_type1_100_5_16
TimeBridge,192,Traffic,0.0005,16,5,0,100,type1,0.41765543818473816,0.2761743366718292,2.8759777545928955,153758.78125,/data/home/Licheng/workspace/TSF-CCA/results_CCA/baselines/TimeBridge_Traffic_192_1.0_0.0_0.0005_type1_100_5_16
TimeBridge,336,Traffic,0.0005,16,5,0,100,type1,0.43189164996147156,0.28372037410736084,2.8998663425445557,144403.90625,/data/home/Licheng/workspace/TSF-CCA/results_CCA/baselines/TimeBridge_Traffic_336_1.0_0.0_0.0005_type1_100_5_16
TimeBridge,720,Traffic,0.0005,16,5,0,100,type1,0.4640038013458252,0.3010216951370239,2.9989731311798096,165883.859375,/data/home/Licheng/workspace/TSF-CCA/results_CCA/baselines/TimeBridge_Traffic_720_1.0_0.0_0.0005_type1_100_5_16
TimeBridge,96,Weather,0.0005,32,15,0,100,type1,0.1678236424922943,0.21091555058956146,2.472245454788208,63810.4765625,/data/home/Licheng/workspace/TSF-CCA/results_CCA/baselines/TimeBridge_Weather_96_1.0_0.0_0.0005_type1_100_15_32
TimeBridge,192,Weather,0.0005,32,15,0,100,type1,0.2139715552330017,0.25385186076164246,2.90682053565979,72386.0546875,/data/home/Licheng/workspace/TSF-CCA/results_CCA/baselines/TimeBridge_Weather_192_1.0_0.0_0.0005_type1_100_15_32
TimeBridge,336,Weather,0.0005,32,15,0,100,type1,0.27306756377220154,0.29674476385116577,3.2559683322906494,101304.875,/data/home/Licheng/workspace/TSF-CCA/results_CCA/baselines/TimeBridge_Weather_336_1.0_0.0_0.0005_type1_100_15_32
TimeBridge,720,Weather,0.0005,32,15,0,100,type1,0.35266947746276855,0.3474213480949402,3.364349603652954,79207.9296875,/data/home/Licheng/workspace/TSF-CCA/results_CCA/baselines/TimeBridge_Weather_720_1.0_0.0_0.0005_type1_100_15_32
TimesNet,96,ECL,0.0005,16,3,0,10,type1,0.16962116956710815,0.272173136472702,2.62626576423645,333254.34375,/data/home/Licheng/workspace/TSF-CCA/results_CCA/baselines/TimesNet_ECL_96_1.0_0.0_0.0005_type1_10_3_16
TimesNet,192,ECL,0.0005,16,3,0,10,type1,0.1828533560037613,0.2822490930557251,2.851346731185913,301502.34375,/data/home/Licheng/workspace/TSF-CCA/results_CCA/baselines/TimesNet_ECL_192_1.0_0.0_0.0005_type1_10_3_16
TimesNet,336,ECL,0.0005,16,3,0,10,type1,0.20269928872585297,0.3019119203090668,3.2320613861083984,944929.0,/data/home/Licheng/workspace/TSF-CCA/results_CCA/baselines/TimesNet_ECL_336_1.0_0.0_0.0005_type1_10_3_16
TimesNet,720,ECL,0.0005,16,3,0,10,type1,0.29382088780403137,0.3660229444503784,3.237891435623169,626977.1875,/data/home/Licheng/workspace/TSF-CCA/results_CCA/baselines/TimesNet_ECL_720_1.0_0.0_0.0005_type1_10_3_16
TimesNet,96,ETTh1,0.0005,32,3,0,10,type1,0.3988669216632843,0.41835033893585205,10.927680969238281,48908.88671875,/data/home/Licheng/workspace/TSF-CCA/results_CCA/baselines/TimesNet_ETTh1_96_1.0_0.0_0.0005_type1_10_3_32
TimesNet,192,ETTh1,0.0005,32,3,0,10,type1,0.4524773955345154,0.4506160616874695,11.82690143585205,48104.15234375,/data/home/Licheng/workspace/TSF-CCA/results_CCA/baselines/TimesNet_ETTh1_192_1.0_0.0_0.0005_type1_10_3_32
TimesNet,336,ETTh1,0.0005,32,3,0,10,type1,0.4879514276981354,0.46893998980522156,12.134594917297363,58427.99609375,/data/home/Licheng/workspace/TSF-CCA/results_CCA/baselines/TimesNet_ETTh1_336_1.0_0.0_0.0005_type1_10_3_32
TimesNet,720,ETTh1,0.0005,32,3,0,10,type1,0.5492606163024902,0.5147117376327515,12.157151222229004,62612.1640625,/data/home/Licheng/workspace/TSF-CCA/results_CCA/baselines/TimesNet_ETTh1_720_1.0_0.0_0.0005_type1_10_3_32
TimesNet,96,ETTh2,0.0005,32,3,0,10,type1,0.3206523656845093,0.35808080434799194,1.5163692235946655,358.2747802734375,/data/home/Licheng/workspace/TSF-CCA/results_CCA/baselines/TimesNet_ETTh2_96_1.0_0.0_0.0005_type1_10_3_32
TimesNet,192,ETTh2,0.0005,32,3,0,10,type1,0.4179335832595825,0.4173114001750946,1.6035232543945312,394.6457824707031,/data/home/Licheng/workspace/TSF-CCA/results_CCA/baselines/TimesNet_ETTh2_192_1.0_0.0_0.0005_type1_10_3_32
TimesNet,336,ETTh2,0.0005,32,3,0,10,type1,0.4639114439487457,0.4541562795639038,1.9129390716552734,452.9226379394531,/data/home/Licheng/workspace/TSF-CCA/results_CCA/baselines/TimesNet_ETTh2_336_1.0_0.0_0.0005_type1_10_3_32
TimesNet,720,ETTh2,0.0005,32,3,0,10,type1,0.4342527389526367,0.449573278427124,2.1707091331481934,724.4840698242188,/data/home/Licheng/workspace/TSF-CCA/results_CCA/baselines/TimesNet_ETTh2_720_1.0_0.0_0.0005_type1_10_3_32
TimesNet,96,ETTm1,0.0005,32,3,0,10,type1,0.3675805926322937,0.39432618021965027,2.518218517303467,454.9436340332031,/data/home/Licheng/workspace/TSF-CCA/results_CCA/baselines/TimesNet_ETTm1_96_1.0_0.0_0.0005_type1_10_3_32
TimesNet,192,ETTm1,0.0005,32,3,0,10,type1,0.4060417711734772,0.40922579169273376,2.525639533996582,478.78594970703125,/data/home/Licheng/workspace/TSF-CCA/results_CCA/baselines/TimesNet_ETTm1_192_1.0_0.0_0.0005_type1_10_3_32
TimesNet,336,ETTm1,0.0005,32,3,0,3,type1,0.45358654856681824,0.4438459575176239,2.8316597938537598,505.0550842285156,/data/home/Licheng/workspace/TSF-CCA/results_CCA/baselines/TimesNet_ETTm1_336_1.0_0.0_0.0005_type1_3_3_32
TimesNet,720,ETTm1,0.0005,32,3,0,10,type1,0.5267228484153748,0.47427505254745483,2.8064985275268555,594.5609741210938,/data/home/Licheng/workspace/TSF-CCA/results_CCA/baselines/TimesNet_ETTm1_720_1.0_0.0_0.0005_type1_10_3_32
TimesNet,96,ETTm2,0.0005,32,3,0,10,type1,0.18439672887325287,0.26198911666870117,1.1426444053649902,231.7576446533203,/data/home/Licheng/workspace/TSF-CCA/results_CCA/baselines/TimesNet_ETTm2_96_1.0_0.0_0.0005_type1_10_3_32
TimesNet,192,ETTm2,0.0005,32,3,0,1,type1,0.2570081949234009,0.3083667457103729,1.3244094848632812,305.4269714355469,/data/home/Licheng/workspace/TSF-CCA/results_CCA/baselines/TimesNet_ETTm2_192_1.0_0.0_0.0005_type1_1_3_32
TimesNet,336,ETTm2,0.0005,32,3,0,10,type1,0.3145222067832947,0.3447534739971161,1.3371638059616089,279.54168701171875,/data/home/Licheng/workspace/TSF-CCA/results_CCA/baselines/TimesNet_ETTm2_336_1.0_0.0_0.0005_type1_10_3_32
TimesNet,720,ETTm2,0.0005,32,3,0,1,type1,0.45205074548721313,0.4213734567165375,1.5617977380752563,346.7870178222656,/data/home/Licheng/workspace/TSF-CCA/results_CCA/baselines/TimesNet_ETTm2_720_1.0_0.0_0.0005_type1_1_3_32
TimesNet,12,PEMS03,0.0005,32,3,0,10,type1,0.09410198032855988,0.20145092904567719,1.6038836240768433,7940.1669921875,/data/home/Licheng/workspace/TSF-CCA/results_CCA/baselines/TimesNet_PEMS03_12_1.0_0.0_0.0005_type1_10_3_32
TimesNet,24,PEMS03,0.0005,32,3,0,10,type1,0.11614731699228287,0.22057202458381653,1.8142871856689453,9195.556640625,/data/home/Licheng/workspace/TSF-CCA/results_CCA/baselines/TimesNet_PEMS03_24_1.0_0.0_0.0005_type1_10_3_32
TimesNet,36,PEMS03,0.0005,32,3,0,10,type1,0.13383299112319946,0.23671483993530273,1.8404535055160522,8928.43359375,/data/home/Licheng/workspace/TSF-CCA/results_CCA/baselines/TimesNet_PEMS03_36_1.0_0.0_0.0005_type1_10_3_32
TimesNet,48,PEMS03,0.0005,32,3,0,10,type1,0.16136792302131653,0.2615451514720917,1.9488136768341064,8886.517578125,/data/home/Licheng/workspace/TSF-CCA/results_CCA/baselines/TimesNet_PEMS03_48_1.0_0.0_0.0005_type1_10_3_32
TimesNet,12,PEMS08,0.0005,32,3,0,10,type1,0.11114384233951569,0.20847740769386292,1.900036334991455,16304.3828125,/data/home/Licheng/workspace/TSF-CCA/results_CCA/baselines/TimesNet_PEMS08_12_1.0_0.0_0.0005_type1_10_3_32
TimesNet,24,PEMS08,0.0005,32,3,0,10,type1,0.13857756555080414,0.23177741467952728,2.089202880859375,21180.1953125,/data/home/Licheng/workspace/TSF-CCA/results_CCA/baselines/TimesNet_PEMS08_24_1.0_0.0_0.0005_type1_10_3_32
TimesNet,36,PEMS08,0.0005,32,3,0,10,type1,0.16834382712841034,0.25976550579071045,2.257011890411377,24213.42578125,/data/home/Licheng/workspace/TSF-CCA/results_CCA/baselines/TimesNet_PEMS08_36_1.0_0.0_0.0005_type1_10_3_32
TimesNet,48,PEMS08,0.0005,32,3,0,10,type1,0.18891331553459167,0.27193158864974976,2.3275153636932373,23597.1328125,/data/home/Licheng/workspace/TSF-CCA/results_CCA/baselines/TimesNet_PEMS08_48_1.0_0.0_0.0005_type1_10_3_32
TimesNet,96,Traffic,0.0005,8,3,0,10,type1,0.589990496635437,0.3160516023635864,3.089831590652466,121855.84375,/data/home/Licheng/workspace/TSF-CCA/results_CCA/baselines/TimesNet_Traffic_96_1.0_0.0_0.0005_type1_10_3_8
TimesNet,192,Traffic,0.0005,8,3,0,10,type1,0.6242637038230896,0.33636826276779175,3.313781261444092,175991.453125,/data/home/Licheng/workspace/TSF-CCA/results_CCA/baselines/TimesNet_Traffic_192_1.0_0.0_0.0005_type1_10_3_8
TimesNet,336,Traffic,0.0005,8,3,0,10,type1,0.6413379311561584,0.34516018629074097,3.6814353466033936,343684.6875,/data/home/Licheng/workspace/TSF-CCA/results_CCA/baselines/TimesNet_Traffic_336_1.0_0.0_0.0005_type1_10_3_8
TimesNet,720,Traffic,0.0005,8,3,0,10,type1,0.6702081561088562,0.3563888669013977,3.751718521118164,310575.875,/data/home/Licheng/workspace/TSF-CCA/results_CCA/baselines/TimesNet_Traffic_720_1.0_0.0_0.0005_type1_10_3_8
TimesNet,96,Weather,0.0005,32,3,0,10,type1,0.1828252673149109,0.22922228276729584,2.71518874168396,56029.67578125,/data/home/Licheng/workspace/TSF-CCA/results_CCA/baselines/TimesNet_Weather_96_1.0_0.0_0.0005_type1_10_3_32
TimesNet,192,Weather,0.0005,32,3,0,10,type1,0.24212628602981567,0.2761977016925812,2.9668450355529785,57703.81640625,/data/home/Licheng/workspace/TSF-CCA/results_CCA/baselines/TimesNet_Weather_192_1.0_0.0_0.0005_type1_10_3_32
TimesNet,336,Weather,0.0005,32,3,0,10,type1,0.29273688793182373,0.31162136793136597,3.2088656425476074,78201.40625,/data/home/Licheng/workspace/TSF-CCA/results_CCA/baselines/TimesNet_Weather_336_1.0_0.0_0.0005_type1_10_3_32
TimesNet,720,Weather,0.0005,32,3,0,10,type1,0.36649253964424133,0.36135292053222656,3.3311989307403564,66009.1328125,/data/home/Licheng/workspace/TSF-CCA/results_CCA/baselines/TimesNet_Weather_720_1.0_0.0_0.0005_type1_10_3_32
Transformer,96,ECL,0.0005,32,3,0,10,type1,0.2530328035354614,0.34976810216903687,3.3740146160125732,224585.078125,/data/home/Licheng/workspace/TSF-CCA/results_CCA/baselines/Transformer_ECL_96_1.0_0.0_0.0005_type1_10_3_32
Transformer,192,ECL,0.0005,32,3,0,10,type1,0.26161321997642517,0.35582369565963745,3.2758266925811768,117322.0546875,/data/home/Licheng/workspace/TSF-CCA/results_CCA/baselines/Transformer_ECL_192_1.0_0.0_0.0005_type1_10_3_32
Transformer,336,ECL,0.0005,32,3,0,10,type1,0.26926693320274353,0.36327123641967773,3.3010976314544678,147611.859375,/data/home/Licheng/workspace/TSF-CCA/results_CCA/baselines/Transformer_ECL_336_1.0_0.0_0.0005_type1_10_3_32
Transformer,720,ECL,0.0005,32,3,0,10,type1,0.27653956413269043,0.36464065313339233,3.1580586433410645,130839.2890625,/data/home/Licheng/workspace/TSF-CCA/results_CCA/baselines/Transformer_ECL_720_1.0_0.0_0.0005_type1_10_3_32
Transformer,96,ETTh1,0.0005,32,3,0,10,type1,1.0282268524169922,0.7782850861549377,17.2839298248291,98177.0234375,/data/home/Licheng/workspace/TSF-CCA/results_CCA/baselines/Transformer_ETTh1_96_1.0_0.0_0.0005_type1_10_3_32
Transformer,192,ETTh1,0.0005,32,3,0,10,type1,1.009844183921814,0.7888525128364563,12.259305953979492,44746.85546875,/data/home/Licheng/workspace/TSF-CCA/results_CCA/baselines/Transformer_ETTh1_192_1.0_0.0_0.0005_type1_10_3_32
Transformer,336,ETTh1,0.0005,32,3,0,10,type1,0.9075914025306702,0.7433798909187317,11.77513313293457,44942.41796875,/data/home/Licheng/workspace/TSF-CCA/results_CCA/baselines/Transformer_ETTh1_336_1.0_0.0_0.0005_type1_10_3_32
Transformer,720,ETTh1,0.0005,32,3,0,10,type1,0.9872677326202393,0.7853093147277832,21.963237762451172,194521.546875,/data/home/Licheng/workspace/TSF-CCA/results_CCA/baselines/Transformer_ETTh1_720_1.0_0.0_0.0005_type1_10_3_32
Transformer,96,ETTh2,0.0005,32,3,0,10,type1,1.4853098392486572,0.9593598246574402,7.010367393493652,2661.85888671875,/data/home/Licheng/workspace/TSF-CCA/results_CCA/baselines/Transformer_ETTh2_96_1.0_0.0_0.0005_type1_10_3_32
Transformer,192,ETTh2,0.0005,32,3,0,10,type1,4.217735767364502,1.5853471755981445,7.455382823944092,3816.05078125,/data/home/Licheng/workspace/TSF-CCA/results_CCA/baselines/Transformer_ETTh2_192_1.0_0.0_0.0005_type1_10_3_32
Transformer,336,ETTh2,0.0005,32,3,0,10,type1,2.775491237640381,1.3609575033187866,7.83151388168335,5234.08642578125,/data/home/Licheng/workspace/TSF-CCA/results_CCA/baselines/Transformer_ETTh2_336_1.0_0.0_0.0005_type1_10_3_32
Transformer,720,ETTh2,0.0005,32,3,0,10,type1,2.2737057209014893,1.2567408084869385,6.438411712646484,6159.58154296875,/data/home/Licheng/workspace/TSF-CCA/results_CCA/baselines/Transformer_ETTh2_720_1.0_0.0_0.0005_type1_10_3_32
Transformer,96,ETTm1,0.0005,32,3,0,10,type1,0.5028759837150574,0.4815075099468231,2.7602076530456543,443.7476806640625,/data/home/Licheng/workspace/TSF-CCA/results_CCA/baselines/Transformer_ETTm1_96_1.0_0.0_0.0005_type1_10_3_32
Transformer,192,ETTm1,0.0005,32,3,0,10,type1,0.8069688081741333,0.663956344127655,3.3072822093963623,677.8621826171875,/data/home/Licheng/workspace/TSF-CCA/results_CCA/baselines/Transformer_ETTm1_192_1.0_0.0_0.0005_type1_10_3_32
Transformer,336,ETTm1,0.0005,32,3,0,10,type1,0.8472050428390503,0.6775527596473694,3.312652349472046,489.50390625,/data/home/Licheng/workspace/TSF-CCA/results_CCA/baselines/Transformer_ETTm1_336_1.0_0.0_0.0005_type1_10_3_32
Transformer,720,ETTm1,0.0005,32,3,0,10,type1,1.037406086921692,0.7706805467605591,3.362164258956909,587.7423095703125,/data/home/Licheng/workspace/TSF-CCA/results_CCA/baselines/Transformer_ETTm1_720_1.0_0.0_0.0005_type1_10_3_32
Transformer,96,ETTm2,0.0005,32,3,0,10,type1,0.385733038187027,0.44077402353286743,1.8072510957717896,502.3155822753906,/data/home/Licheng/workspace/TSF-CCA/results_CCA/baselines/Transformer_ETTm2_96_1.0_0.0_0.0005_type1_10_3_32
Transformer,192,ETTm2,0.0005,32,3,0,10,type1,1.4095536470413208,0.8811715245246887,4.978116512298584,11637.1650390625,/data/home/Licheng/workspace/TSF-CCA/results_CCA/baselines/Transformer_ETTm2_192_1.0_0.0_0.0005_type1_10_3_32
Transformer,336,ETTm2,0.0005,32,3,0,10,type1,1.9395374059677124,1.0703275203704834,6.265753746032715,14806.8447265625,/data/home/Licheng/workspace/TSF-CCA/results_CCA/baselines/Transformer_ETTm2_336_1.0_0.0_0.0005_type1_10_3_32
Transformer,720,ETTm2,0.0005,32,3,0,10,type1,2.9137074947357178,1.2759456634521484,5.193264484405518,7971.009765625,/data/home/Licheng/workspace/TSF-CCA/results_CCA/baselines/Transformer_ETTm2_720_1.0_0.0_0.0005_type1_10_3_32
Transformer,12,PEMS03,0.0005,32,3,0,10,type1,0.10571146011352539,0.2062208205461502,1.7599939107894897,8781.955078125,/data/home/Licheng/workspace/TSF-CCA/results_CCA/baselines/Transformer_PEMS03_12_1.0_0.0_0.0005_type1_10_3_32
Transformer,24,PEMS03,0.0005,32,3,0,10,type1,0.11737218499183655,0.22080443799495697,1.8768099546432495,9646.732421875,/data/home/Licheng/workspace/TSF-CCA/results_CCA/baselines/Transformer_PEMS03_24_1.0_0.0_0.0005_type1_10_3_32
Transformer,36,PEMS03,0.0005,32,3,0,10,type1,0.12732918560504913,0.23278972506523132,2.0342092514038086,11009.41796875,/data/home/Licheng/workspace/TSF-CCA/results_CCA/baselines/Transformer_PEMS03_36_1.0_0.0_0.0005_type1_10_3_32
Transformer,48,PEMS03,0.0005,32,3,0,10,type1,0.13928139209747314,0.24486815929412842,2.124779224395752,11356.1201171875,/data/home/Licheng/workspace/TSF-CCA/results_CCA/baselines/Transformer_PEMS03_48_1.0_0.0_0.0005_type1_10_3_32
Transformer,12,PEMS08,0.0005,32,3,0,10,type1,0.20432806015014648,0.23188446462154388,1.871284008026123,9542.490234375,/data/home/Licheng/workspace/TSF-CCA/results_CCA/baselines/Transformer_PEMS08_12_1.0_0.0_0.0005_type1_10_3_32
Transformer,24,PEMS08,0.0005,32,3,0,10,type1,0.2315995842218399,0.25105565786361694,2.0519917011260986,15753.2353515625,/data/home/Licheng/workspace/TSF-CCA/results_CCA/baselines/Transformer_PEMS08_24_1.0_0.0_0.0005_type1_10_3_32
Transformer,36,PEMS08,0.0005,32,3,0,10,type1,0.2456657588481903,0.26275360584259033,2.1245343685150146,15437.9609375,/data/home/Licheng/workspace/TSF-CCA/results_CCA/baselines/Transformer_PEMS08_36_1.0_0.0_0.0005_type1_10_3_32
Transformer,48,PEMS08,0.0005,32,3,0,10,type1,0.2783374786376953,0.29715341329574585,2.465606451034546,18361.046875,/data/home/Licheng/workspace/TSF-CCA/results_CCA/baselines/Transformer_PEMS08_48_1.0_0.0_0.0005_type1_10_3_32
Transformer,96,Traffic,0.0005,4,3,0,3,type1,0.6890313029289246,0.39580392837524414,4.679689884185791,360369.75,/data/home/Licheng/workspace/TSF-CCA/results_CCA/baselines/Transformer_Traffic_96_1.0_0.0_0.0005_type1_3_3_4
Transformer,192,Traffic,0.0005,4,3,0,3,type1,0.7095288038253784,0.3884875774383545,3.730787515640259,138491.703125,/data/home/Licheng/workspace/TSF-CCA/results_CCA/baselines/Transformer_Traffic_192_1.0_0.0_0.0005_type1_3_3_4
Transformer,336,Traffic,0.0005,4,3,0,3,type1,0.6868684887886047,0.36575591564178467,3.5255985260009766,151182.5,/data/home/Licheng/workspace/TSF-CCA/results_CCA/baselines/Transformer_Traffic_336_1.0_0.0_0.0005_type1_3_3_4
Transformer,720,Traffic,0.0005,4,3,0,3,type1,0.6809196472167969,0.36559391021728516,3.8769798278808594,500034.40625,/data/home/Licheng/workspace/TSF-CCA/results_CCA/baselines/Transformer_Traffic_720_1.0_0.0_0.0005_type1_3_3_4
Transformer,96,Weather,0.0005,32,3,0,10,type1,0.42259007692337036,0.4476037323474884,3.7784156799316406,26085.4921875,/data/home/Licheng/workspace/TSF-CCA/results_CCA/baselines/Transformer_Weather_96_1.0_0.0_0.0005_type1_10_3_32
Transformer,192,Weather,0.0005,32,3,0,10,type1,0.6644213199615479,0.5854992270469666,4.713588237762451,26191.859375,/data/home/Licheng/workspace/TSF-CCA/results_CCA/baselines/Transformer_Weather_192_1.0_0.0_0.0005_type1_10_3_32
Transformer,336,Weather,0.0005,32,3,0,10,type1,0.8483185768127441,0.6857631206512451,4.796789646148682,45292.18359375,/data/home/Licheng/workspace/TSF-CCA/results_CCA/baselines/Transformer_Weather_336_1.0_0.0_0.0005_type1_10_3_32
Transformer,720,Weather,0.0005,32,3,0,10,type1,0.8610858917236328,0.6845192909240723,4.560948848724365,51955.57421875,/data/home/Licheng/workspace/TSF-CCA/results_CCA/baselines/Transformer_Weather_720_1.0_0.0_0.0005_type1_10_3_32
iTransformer,96,ECL,0.0005,16,3,0,10,type1,0.15003478527069092,0.24150978028774261,2.5511820316314697,662126.0,/data/home/Licheng/workspace/TSF-CCA/results_CCA/baselines/iTransformer_ECL_96_1.0_0.0_0.0005_type1_10_3_16
iTransformer,192,ECL,0.0005,16,3,0,10,type1,0.16811427474021912,0.2590668499469757,2.7123916149139404,718662.1875,/data/home/Licheng/workspace/TSF-CCA/results_CCA/baselines/iTransformer_ECL_192_1.0_0.0_0.0005_type1_10_3_16
iTransformer,336,ECL,0.0005,16,3,0,10,type1,0.18234603106975555,0.27435529232025146,2.738811492919922,614219.375,/data/home/Licheng/workspace/TSF-CCA/results_CCA/baselines/iTransformer_ECL_336_1.0_0.0_0.0005_type1_10_3_16
iTransformer,720,ECL,0.0005,16,3,0,10,type1,0.2144506722688675,0.303504079580307,3.121333599090576,1004501.0,/data/home/Licheng/workspace/TSF-CCA/results_CCA/baselines/iTransformer_ECL_720_1.0_0.0_0.0005_type1_10_3_16
iTransformer,96,ETTh1,0.0005,32,3,0,10,type1,0.3852306008338928,0.4053114652633667,9.964898109436035,47170.26953125,/data/home/Licheng/workspace/TSF-CCA/results_CCA/baselines/iTransformer_ETTh1_96_1.0_0.0_0.0005_type1_10_3_32
iTransformer,192,ETTh1,0.0005,32,3,0,10,type1,0.44049057364463806,0.43676090240478516,10.217982292175293,41956.13671875,/data/home/Licheng/workspace/TSF-CCA/results_CCA/baselines/iTransformer_ETTh1_192_1.0_0.0_0.0005_type1_10_3_32
iTransformer,336,ETTh1,0.0005,32,3,0,10,type1,0.47985801100730896,0.4571850299835205,10.192669868469238,42669.234375,/data/home/Licheng/workspace/TSF-CCA/results_CCA/baselines/iTransformer_ETTh1_336_1.0_0.0_0.0005_type1_10_3_32
iTransformer,720,ETTh1,0.0005,32,3,0,10,type1,0.5035380721092224,0.4915691614151001,11.701579093933105,50794.87109375,/data/home/Licheng/workspace/TSF-CCA/results_CCA/baselines/iTransformer_ETTh1_720_1.0_0.0_0.0005_type1_10_3_32
iTransformer,96,ETTh2,0.0005,32,3,0,10,type1,0.30134761333465576,0.34924620389938354,1.4453940391540527,437.6839294433594,/data/home/Licheng/workspace/TSF-CCA/results_CCA/baselines/iTransformer_ETTh2_96_1.0_0.0_0.0005_type1_10_3_32
iTransformer,192,ETTh2,0.0005,32,3,0,10,type1,0.3830426037311554,0.3971845209598541,1.5164555311203003,343.5433654785156,/data/home/Licheng/workspace/TSF-CCA/results_CCA/baselines/iTransformer_ETTh2_192_1.0_0.0_0.0005_type1_10_3_32
iTransformer,336,ETTh2,0.0005,32,3,0,10,type1,0.42490753531455994,0.4322552978992462,1.7368972301483154,444.5784606933594,/data/home/Licheng/workspace/TSF-CCA/results_CCA/baselines/iTransformer_ETTh2_336_1.0_0.0_0.0005_type1_10_3_32
iTransformer,720,ETTh2,0.0005,32,3,0,10,type1,0.4362686574459076,0.4484846293926239,1.9802007675170898,583.7000122070312,/data/home/Licheng/workspace/TSF-CCA/results_CCA/baselines/iTransformer_ETTh2_720_1.0_0.0_0.0005_type1_10_3_32
iTransformer,96,ETTm1,0.0005,32,3,0,10,type1,0.3378773331642151,0.37228307127952576,2.3187129497528076,399.1525573730469,/data/home/Licheng/workspace/TSF-CCA/results_CCA/baselines/iTransformer_ETTm1_96_1.0_0.0_0.0005_type1_10_3_32
iTransformer,192,ETTm1,0.0005,32,3,0,10,type1,0.381665974855423,0.3960603177547455,2.471797466278076,436.4853210449219,/data/home/Licheng/workspace/TSF-CCA/results_CCA/baselines/iTransformer_ETTm1_192_1.0_0.0_0.0005_type1_10_3_32
iTransformer,336,ETTm1,0.0005,32,3,0,10,type1,0.4269934594631195,0.4239615499973297,2.548567295074463,455.9526062011719,/data/home/Licheng/workspace/TSF-CCA/results_CCA/baselines/iTransformer_ETTm1_336_1.0_0.0_0.0005_type1_10_3_32
iTransformer,720,ETTm1,0.0005,32,3,0,10,type1,0.49575042724609375,0.46255767345428467,2.781074047088623,557.285888671875,/data/home/Licheng/workspace/TSF-CCA/results_CCA/baselines/iTransformer_ETTm1_720_1.0_0.0_0.0005_type1_10_3_32
iTransformer,96,ETTm2,0.0005,32,3,0,10,type1,0.1819678694009781,0.2646723687648773,1.1611506938934326,258.0196838378906,/data/home/Licheng/workspace/TSF-CCA/results_CCA/baselines/iTransformer_ETTm2_96_1.0_0.0_0.0005_type1_10_3_32
iTransformer,192,ETTm2,0.0005,32,3,0,10,type1,0.2570236027240753,0.3147820234298706,1.3069953918457031,274.1215515136719,/data/home/Licheng/workspace/TSF-CCA/results_CCA/baselines/iTransformer_ETTm2_192_1.0_0.0_0.0005_type1_10_3_32
iTransformer,336,ETTm2,0.0005,32,3,0,10,type1,0.3199232816696167,0.3539818823337555,1.4647252559661865,319.7657775878906,/data/home/Licheng/workspace/TSF-CCA/results_CCA/baselines/iTransformer_ETTm2_336_1.0_0.0_0.0005_type1_10_3_32
iTransformer,720,ETTm2,0.0005,32,3,0,10,type1,0.42251771688461304,0.41137436032295227,1.638305902481079,401.39892578125,/data/home/Licheng/workspace/TSF-CCA/results_CCA/baselines/iTransformer_ETTm2_720_1.0_0.0_0.0005_type1_10_3_32
iTransformer,12,PEMS03,0.0005,32,3,0,10,type1,0.07215499877929688,0.17917500436306,1.4388000965118408,7751.33642578125,/data/home/Licheng/workspace/TSF-CCA/results_CCA/baselines/iTransformer_PEMS03_12_1.0_0.0_0.0005_type1_10_3_32
iTransformer,24,PEMS03,0.0005,32,3,0,10,type1,0.10424724966287613,0.2166568785905838,1.6989786624908447,9550.6318359375,/data/home/Licheng/workspace/TSF-CCA/results_CCA/baselines/iTransformer_PEMS03_24_1.0_0.0_0.0005_type1_10_3_32
iTransformer,36,PEMS03,0.0005,32,3,0,10,type1,0.13727860152721405,0.2513069212436676,1.8994684219360352,11525.19921875,/data/home/Licheng/workspace/TSF-CCA/results_CCA/baselines/iTransformer_PEMS03_36_1.0_0.0_0.0005_type1_10_3_32
iTransformer,48,PEMS03,0.0005,32,3,0,10,type1,0.17367377877235413,0.2846890985965729,2.0320911407470703,12173.7744140625,/data/home/Licheng/workspace/TSF-CCA/results_CCA/baselines/iTransformer_PEMS03_48_1.0_0.0_0.0005_type1_10_3_32
iTransformer,12,PEMS08,0.0005,32,3,0,10,type1,0.08367384970188141,0.18703022599220276,1.6463544368743896,5745.802734375,/data/home/Licheng/workspace/TSF-CCA/results_CCA/baselines/iTransformer_PEMS08_12_1.0_0.0_0.0005_type1_10_3_32
iTransformer,24,PEMS08,0.0005,32,3,0,10,type1,0.12317459285259247,0.2269333451986313,1.987820029258728,8898.06640625,/data/home/Licheng/workspace/TSF-CCA/results_CCA/baselines/iTransformer_PEMS08_24_1.0_0.0_0.0005_type1_10_3_32
iTransformer,36,PEMS08,0.0005,32,3,0,10,type1,0.16971266269683838,0.26811307668685913,2.214580535888672,10195.86328125,/data/home/Licheng/workspace/TSF-CCA/results_CCA/baselines/iTransformer_PEMS08_36_1.0_0.0_0.0005_type1_10_3_32
iTransformer,48,PEMS08,0.0005,32,3,0,10,type1,0.21812573075294495,0.30609121918678284,2.4574222564697266,14220.49609375,/data/home/Licheng/workspace/TSF-CCA/results_CCA/baselines/iTransformer_PEMS08_48_1.0_0.0_0.0005_type1_10_3_32
iTransformer,96,Traffic,0.0005,8,3,0,10,type1,0.39655357599258423,0.27116572856903076,2.936171293258667,159313.0,/data/home/Licheng/workspace/TSF-CCA/results_CCA/baselines/iTransformer_Traffic_96_1.0_0.0_0.0005_type1_10_3_8
iTransformer,192,Traffic,0.0005,8,3,0,10,type1,0.41582152247428894,0.2788792550563812,2.9667916297912598,147148.15625,/data/home/Licheng/workspace/TSF-CCA/results_CCA/baselines/iTransformer_Traffic_192_1.0_0.0_0.0005_type1_10_3_8
iTransformer,336,Traffic,0.0005,8,3,0,10,type1,0.4294383227825165,0.285957396030426,2.9842467308044434,145451.5625,/data/home/Licheng/workspace/TSF-CCA/results_CCA/baselines/iTransformer_Traffic_336_1.0_0.0_0.0005_type1_10_3_8
iTransformer,720,Traffic,0.0005,8,3,0,10,type1,0.46222132444381714,0.30282506346702576,3.0638930797576904,187864.734375,/data/home/Licheng/workspace/TSF-CCA/results_CCA/baselines/iTransformer_Traffic_720_1.0_0.0_0.0005_type1_10_3_8
iTransformer,96,Weather,0.0005,32,3,0,10,type1,0.17143234610557556,0.21046756207942963,2.574432611465454,75571.25,/data/home/Licheng/workspace/TSF-CCA/results_CCA/baselines/iTransformer_Weather_96_1.0_0.0_0.0005_type1_10_3_32
iTransformer,192,Weather,0.0005,32,3,0,10,type1,0.24639542400836945,0.2783062756061554,3.532677173614502,147295.34375,/data/home/Licheng/workspace/TSF-CCA/results_CCA/baselines/iTransformer_Weather_192_1.0_0.0_0.0005_type1_10_3_32
iTransformer,336,Weather,0.0005,32,3,0,10,type1,0.2962300777435303,0.31296807527542114,3.6923282146453857,158344.375,/data/home/Licheng/workspace/TSF-CCA/results_CCA/baselines/iTransformer_Weather_336_1.0_0.0_0.0005_type1_10_3_32
iTransformer,720,Weather,0.0005,32,3,0,10,type1,0.3622972071170807,0.35277941823005676,3.5396764278411865,97390.8203125,/data/home/Licheng/workspace/TSF-CCA/results_CCA/baselines/iTransformer_Weather_720_1.0_0.0_0.0005_type1_10_3_32
